Driver,LapNumber,LapTime,Compound,TyreLife,Position
NOR,1.0,0 days 00:01:30.629000,MEDIUM,1.0,8.0
NOR,2.0,0 days 00:01:20.684000,MEDIUM,2.0,8.0
NOR,3.0,0 days 00:01:20.195000,MEDIUM,3.0,8.0
NOR,4.0,0 days 00:01:19.491000,MEDIUM,4.0,8.0
NOR,5.0,0 days 00:01:18.988000,MEDIUM,5.0,8.0
NOR,6.0,0 days 00:01:18.233000,MEDIUM,6.0,8.0
NOR,7.0,0 days 00:01:18.243000,MEDIUM,7.0,8.0
NOR,8.0,0 days 00:01:18.079000,MEDIUM,8.0,8.0
NOR,9.0,0 days 00:01:18.059000,MEDIUM,9.0,8.0
NOR,10.0,0 days 00:01:18.628000,MEDIUM,10.0,8.0
NOR,11.0,0 days 00:01:18.413000,MEDIUM,11.0,8.0
NOR,12.0,0 days 00:01:17.722000,MEDIUM,12.0,8.0
NOR,13.0,0 days 00:01:18.391000,MEDIUM,13.0,8.0
NOR,14.0,0 days 00:01:18.170000,MEDIUM,14.0,8.0
NOR,15.0,0 days 00:01:18.623000,MEDIUM,15.0,8.0
NOR,16.0,0 days 00:01:18.638000,MEDIUM,16.0,8.0
NOR,17.0,0 days 00:01:18.742000,MEDIUM,17.0,8.0
NOR,18.0,0 days 00:01:18.994000,MEDIUM,18.0,8.0
NOR,19.0,0 days 00:01:18.706000,MEDIUM,19.0,8.0
NOR,20.0,0 days 00:01:18.312000,MEDIUM,20.0,8.0
NOR,21.0,0 days 00:01:19.066000,MEDIUM,21.0,8.0
NOR,22.0,0 days 00:01:17.925000,MEDIUM,22.0,8.0
NOR,23.0,0 days 00:01:18.249000,MEDIUM,23.0,8.0
NOR,24.0,0 days 00:01:18.676000,MEDIUM,24.0,8.0
NOR,25.0,0 days 00:01:18.316000,MEDIUM,25.0,8.0
NOR,26.0,0 days 00:01:18.478000,MEDIUM,26.0,8.0
NOR,27.0,0 days 00:01:18.376000,MEDIUM,27.0,8.0
NOR,28.0,0 days 00:01:18.464000,MEDIUM,28.0,8.0
NOR,29.0,0 days 00:01:18.198000,MEDIUM,29.0,8.0
NOR,30.0,0 days 00:01:18.321000,MEDIUM,30.0,8.0
NOR,31.0,0 days 00:01:18.300000,MEDIUM,31.0,7.0
NOR,32.0,0 days 00:01:18.189000,MEDIUM,32.0,6.0
NOR,33.0,0 days 00:01:20.230000,MEDIUM,33.0,6.0
NOR,34.0,0 days 00:01:17.670000,MEDIUM,34.0,6.0
NOR,35.0,0 days 00:01:17.833000,MEDIUM,35.0,6.0
NOR,36.0,0 days 00:01:18.224000,MEDIUM,36.0,6.0
NOR,37.0,0 days 00:01:18.739000,MEDIUM,37.0,6.0
NOR,38.0,0 days 00:01:19.008000,MEDIUM,38.0,6.0
NOR,39.0,0 days 00:01:19.311000,MEDIUM,39.0,6.0
NOR,40.0,0 days 00:01:18.948000,MEDIUM,40.0,6.0
NOR,41.0,0 days 00:01:20.881000,MEDIUM,41.0,6.0
NOR,42.0,0 days 00:01:20.144000,MEDIUM,42.0,6.0
NOR,43.0,0 days 00:01:19.223000,MEDIUM,43.0,6.0
NOR,44.0,,MEDIUM,44.0,6.0
GAS,1.0,0 days 00:01:30.105000,MEDIUM,1.0,7.0
GAS,2.0,0 days 00:01:20.715000,MEDIUM,2.0,7.0
GAS,3.0,0 days 00:01:20.073000,MEDIUM,3.0,7.0
GAS,4.0,0 days 00:01:19.124000,MEDIUM,4.0,7.0
GAS,5.0,0 days 00:01:19.092000,MEDIUM,5.0,7.0
GAS,6.0,0 days 00:01:18.305000,MEDIUM,6.0,7.0
GAS,7.0,0 days 00:01:18.580000,MEDIUM,7.0,7.0
GAS,8.0,0 days 00:01:17.946000,MEDIUM,8.0,7.0
GAS,9.0,0 days 00:01:18.130000,MEDIUM,9.0,7.0
GAS,10.0,0 days 00:01:18.040000,MEDIUM,10.0,7.0
GAS,11.0,0 days 00:01:18.404000,MEDIUM,11.0,7.0
GAS,12.0,0 days 00:01:18.358000,MEDIUM,12.0,7.0
GAS,13.0,0 days 00:01:18.333000,MEDIUM,13.0,7.0
GAS,14.0,0 days 00:01:18.204000,MEDIUM,14.0,7.0
GAS,15.0,0 days 00:01:18.092000,MEDIUM,15.0,7.0
GAS,16.0,0 days 00:01:19.128000,MEDIUM,16.0,7.0
GAS,17.0,0 days 00:01:18.782000,MEDIUM,17.0,7.0
GAS,18.0,0 days 00:01:19.055000,MEDIUM,18.0,7.0
GAS,19.0,0 days 00:01:18.687000,MEDIUM,19.0,7.0
GAS,20.0,0 days 00:01:18.231000,MEDIUM,20.0,7.0
GAS,21.0,0 days 00:01:18.386000,MEDIUM,21.0,7.0
GAS,22.0,0 days 00:01:18.475000,MEDIUM,22.0,7.0
GAS,23.0,0 days 00:01:18.461000,MEDIUM,23.0,7.0
GAS,24.0,0 days 00:01:18.520000,MEDIUM,24.0,7.0
GAS,25.0,0 days 00:01:18.386000,MEDIUM,25.0,7.0
GAS,26.0,0 days 00:01:18.461000,MEDIUM,26.0,7.0
GAS,27.0,0 days 00:01:18.521000,MEDIUM,27.0,7.0
GAS,28.0,0 days 00:01:18.596000,MEDIUM,28.0,7.0
GAS,29.0,0 days 00:01:18.056000,MEDIUM,29.0,7.0
GAS,30.0,0 days 00:01:18.178000,MEDIUM,30.0,7.0
GAS,31.0,0 days 00:01:18.360000,MEDIUM,31.0,6.0
GAS,32.0,0 days 00:01:18.029000,MEDIUM,32.0,5.0
GAS,33.0,0 days 00:01:18.807000,MEDIUM,33.0,5.0
GAS,34.0,0 days 00:01:18.659000,MEDIUM,34.0,5.0
GAS,35.0,0 days 00:01:18.332000,MEDIUM,35.0,5.0
GAS,36.0,0 days 00:01:18.178000,MEDIUM,36.0,5.0
GAS,37.0,0 days 00:01:18.949000,MEDIUM,37.0,5.0
GAS,38.0,0 days 00:01:19.068000,MEDIUM,38.0,5.0
GAS,39.0,0 days 00:01:19.227000,MEDIUM,39.0,5.0
GAS,40.0,0 days 00:01:19.024000,MEDIUM,40.0,5.0
GAS,41.0,0 days 00:01:18.934000,MEDIUM,41.0,5.0
GAS,42.0,0 days 00:01:18.656000,MEDIUM,42.0,5.0
GAS,43.0,0 days 00:01:18.909000,MEDIUM,43.0,5.0
GAS,44.0,0 days 00:01:18.777000,MEDIUM,44.0,5.0
GAS,45.0,0 days 00:01:37.189000,MEDIUM,45.0,7.0
GAS,46.0,0 days 00:01:23.643000,HARD,1.0,7.0
GAS,47.0,0 days 00:01:18.675000,HARD,2.0,7.0
GAS,48.0,0 days 00:01:18.218000,HARD,3.0,7.0
GAS,49.0,0 days 00:01:20.722000,HARD,4.0,7.0
GAS,50.0,0 days 00:01:18.925000,HARD,5.0,7.0
GAS,51.0,0 days 00:01:19.348000,HARD,6.0,7.0
GAS,52.0,0 days 00:01:17.950000,HARD,7.0,7.0
GAS,53.0,0 days 00:01:17.055000,HARD,8.0,7.0
GAS,54.0,0 days 00:01:17.287000,HARD,9.0,7.0
GAS,55.0,0 days 00:01:17.126000,HARD,10.0,7.0
GAS,56.0,0 days 00:01:17.509000,HARD,11.0,7.0
GAS,57.0,0 days 00:01:17.963000,HARD,12.0,7.0
GAS,58.0,0 days 00:01:17.612000,HARD,13.0,7.0
GAS,59.0,0 days 00:01:39.182000,HARD,14.0,6.0
GAS,60.0,0 days 00:01:53.136000,HARD,15.0,6.0
GAS,61.0,0 days 00:01:33.183000,HARD,16.0,6.0
GAS,62.0,0 days 00:01:58.441000,HARD,17.0,6.0
GAS,63.0,0 days 00:01:32.959000,HARD,18.0,6.0
GAS,64.0,0 days 00:01:24.677000,HARD,19.0,6.0
GAS,65.0,0 days 00:01:21.810000,HARD,20.0,5.0
GAS,66.0,0 days 00:01:54.401000,HARD,21.0,5.0
GAS,67.0,0 days 00:01:46.410000,HARD,22.0,5.0
GAS,68.0,,HARD,23.0,5.0
GAS,69.0,0 days 00:01:36.522000,SOFT,5.0,5.0
GAS,70.0,,SOFT,6.0,5.0
GAS,71.0,0 days 00:01:26.190000,SOFT,7.0,4.0
GAS,72.0,0 days 00:01:17.461000,SOFT,8.0,3.0
GAS,73.0,0 days 00:01:16.054000,SOFT,9.0,3.0
GAS,74.0,0 days 00:01:16.599000,SOFT,10.0,3.0
GAS,75.0,0 days 00:01:16.296000,SOFT,11.0,3.0
GAS,76.0,0 days 00:01:15.899000,SOFT,12.0,3.0
GAS,77.0,0 days 00:01:15.497000,SOFT,13.0,3.0
GAS,78.0,0 days 00:01:15.881000,SOFT,14.0,3.0
PER,1.0,0 days 00:01:35.173000,SOFT,1.0,14.0
PER,2.0,0 days 00:01:21.504000,SOFT,2.0,14.0
PER,3.0,0 days 00:01:20.479000,SOFT,3.0,14.0
PER,4.0,0 days 00:01:40.066000,SOFT,4.0,16.0
PER,5.0,0 days 00:01:22.032000,MEDIUM,1.0,16.0
PER,6.0,0 days 00:01:19.524000,MEDIUM,2.0,16.0
PER,7.0,0 days 00:01:17.890000,MEDIUM,3.0,16.0
PER,8.0,0 days 00:01:18.694000,MEDIUM,4.0,16.0
PER,9.0,0 days 00:01:31.503000,MEDIUM,5.0,18.0
PER,10.0,0 days 00:01:22.204000,MEDIUM,6.0,18.0
PER,11.0,0 days 00:01:18.736000,MEDIUM,7.0,18.0
PER,12.0,0 days 00:01:21.649000,MEDIUM,8.0,18.0
PER,13.0,0 days 00:01:20.223000,MEDIUM,9.0,18.0
PER,14.0,0 days 00:01:18.510000,MEDIUM,10.0,18.0
PER,15.0,0 days 00:01:20.811000,MEDIUM,11.0,18.0
PER,16.0,0 days 00:01:18.578000,MEDIUM,12.0,18.0
PER,17.0,0 days 00:01:19.129000,MEDIUM,13.0,18.0
PER,18.0,0 days 00:01:18.700000,MEDIUM,14.0,18.0
PER,19.0,0 days 00:01:18.907000,MEDIUM,15.0,18.0
PER,20.0,0 days 00:01:18.930000,MEDIUM,16.0,18.0
PER,21.0,0 days 00:01:19.091000,MEDIUM,17.0,18.0
PER,22.0,0 days 00:01:20.559000,MEDIUM,18.0,18.0
PER,23.0,0 days 00:01:19.500000,MEDIUM,19.0,18.0
PER,24.0,0 days 00:01:19.325000,MEDIUM,20.0,18.0
PER,25.0,0 days 00:01:19.538000,MEDIUM,21.0,18.0
PER,26.0,0 days 00:01:18.698000,MEDIUM,22.0,18.0
PER,27.0,0 days 00:01:18.770000,MEDIUM,23.0,18.0
PER,28.0,0 days 00:01:18.848000,MEDIUM,24.0,18.0
PER,29.0,0 days 00:01:18.872000,MEDIUM,25.0,18.0
PER,30.0,0 days 00:01:18.903000,MEDIUM,26.0,18.0
PER,31.0,0 days 00:01:19.338000,MEDIUM,27.0,18.0
PER,32.0,0 days 00:01:19.656000,MEDIUM,28.0,18.0
PER,33.0,0 days 00:01:19.917000,MEDIUM,29.0,18.0
PER,34.0,0 days 00:01:19.981000,MEDIUM,30.0,18.0
PER,35.0,0 days 00:01:21.476000,MEDIUM,31.0,18.0
PER,36.0,0 days 00:01:19.751000,MEDIUM,32.0,18.0
PER,37.0,0 days 00:01:19.799000,MEDIUM,33.0,18.0
PER,38.0,0 days 00:01:19.370000,MEDIUM,34.0,18.0
PER,39.0,0 days 00:01:21.687000,MEDIUM,35.0,18.0
PER,40.0,0 days 00:01:22.330000,MEDIUM,36.0,18.0
PER,41.0,0 days 00:01:20.839000,MEDIUM,37.0,18.0
PER,42.0,0 days 00:01:22.094000,MEDIUM,38.0,18.0
PER,43.0,0 days 00:01:21.039000,MEDIUM,39.0,18.0
PER,44.0,0 days 00:01:21.217000,MEDIUM,40.0,18.0
PER,45.0,0 days 00:01:19.567000,MEDIUM,41.0,17.0
PER,46.0,0 days 00:01:19.155000,MEDIUM,42.0,17.0
PER,47.0,0 days 00:01:19.032000,MEDIUM,43.0,17.0
PER,48.0,0 days 00:01:21.387000,MEDIUM,44.0,17.0
PER,49.0,0 days 00:01:20.917000,MEDIUM,45.0,17.0
PER,50.0,0 days 00:01:21.591000,MEDIUM,46.0,17.0
PER,51.0,0 days 00:01:22.941000,MEDIUM,47.0,17.0
PER,52.0,0 days 00:01:20.832000,MEDIUM,48.0,17.0
PER,53.0,0 days 00:01:20.833000,MEDIUM,49.0,17.0
PER,54.0,0 days 00:01:20.051000,MEDIUM,50.0,17.0
PER,55.0,0 days 00:01:21.863000,MEDIUM,51.0,17.0
PER,56.0,0 days 00:01:19.824000,MEDIUM,52.0,17.0
PER,57.0,0 days 00:01:21.055000,MEDIUM,53.0,16.0
PER,58.0,0 days 00:01:48.502000,MEDIUM,54.0,16.0
PER,59.0,0 days 00:01:57.191000,MEDIUM,55.0,16.0
PER,60.0,0 days 00:01:35.590000,SOFT,1.0,16.0
PER,61.0,0 days 00:01:26.682000,SOFT,2.0,16.0
PER,62.0,0 days 00:01:31.661000,SOFT,3.0,16.0
PER,63.0,0 days 00:01:23.608000,SOFT,4.0,16.0
PER,64.0,0 days 00:01:21.255000,SOFT,5.0,16.0
PER,65.0,0 days 00:01:56.375000,SOFT,6.0,15.0
PER,66.0,0 days 00:01:45.310000,SOFT,7.0,15.0
PER,67.0,,SOFT,8.0,15.0
PER,68.0,0 days 00:02:29.156000,SOFT,7.0,15.0
PER,69.0,0 days 00:01:27.787000,SOFT,1.0,15.0
PER,70.0,0 days 00:02:24.525000,SOFT,2.0,15.0
PER,71.0,0 days 00:01:29.934000,SOFT,3.0,12.0
PER,72.0,0 days 00:01:20.966000,SOFT,4.0,12.0
PER,73.0,0 days 00:01:19.857000,SOFT,5.0,11.0
PER,74.0,0 days 00:01:17.518000,SOFT,6.0,11.0
PER,75.0,0 days 00:01:17.393000,SOFT,7.0,11.0
PER,76.0,0 days 00:01:17.117000,SOFT,8.0,11.0
PER,77.0,0 days 00:01:16.894000,SOFT,9.0,11.0
PER,78.0,0 days 00:01:16.891000,SOFT,10.0,11.0
ANT,1.0,0 days 00:01:22.525000,MEDIUM,1.0,1.0
ANT,2.0,0 days 00:01:17.653000,MEDIUM,2.0,1.0
ANT,3.0,0 days 00:01:16.996000,MEDIUM,3.0,1.0
ANT,4.0,0 days 00:01:17.048000,MEDIUM,4.0,1.0
ANT,5.0,0 days 00:01:16.661000,MEDIUM,5.0,1.0
ANT,6.0,0 days 00:01:16.723000,MEDIUM,6.0,1.0
ANT,7.0,0 days 00:01:16.050000,MEDIUM,7.0,1.0
ANT,8.0,0 days 00:01:16.284000,MEDIUM,8.0,1.0
ANT,9.0,0 days 00:01:16.298000,MEDIUM,9.0,1.0
ANT,10.0,0 days 00:01:17.067000,MEDIUM,10.0,1.0
ANT,11.0,0 days 00:01:18.223000,MEDIUM,11.0,1.0
ANT,12.0,0 days 00:01:17.430000,MEDIUM,12.0,1.0
ANT,13.0,0 days 00:01:17.313000,MEDIUM,13.0,1.0
ANT,14.0,0 days 00:01:17.222000,MEDIUM,14.0,1.0
ANT,15.0,0 days 00:01:17.193000,MEDIUM,15.0,1.0
ANT,16.0,0 days 00:01:17.240000,MEDIUM,16.0,1.0
ANT,17.0,0 days 00:01:17.050000,MEDIUM,17.0,1.0
ANT,18.0,0 days 00:01:16.802000,MEDIUM,18.0,1.0
ANT,19.0,0 days 00:01:16.061000,MEDIUM,19.0,1.0
ANT,20.0,0 days 00:01:16.468000,MEDIUM,20.0,1.0
ANT,21.0,0 days 00:01:16.650000,MEDIUM,21.0,1.0
ANT,22.0,0 days 00:01:16.369000,MEDIUM,22.0,1.0
ANT,23.0,0 days 00:01:16.538000,MEDIUM,23.0,1.0
ANT,24.0,0 days 00:01:16.669000,MEDIUM,24.0,1.0
ANT,25.0,0 days 00:01:16.888000,MEDIUM,25.0,1.0
ANT,26.0,0 days 00:01:16.964000,MEDIUM,26.0,1.0
ANT,27.0,0 days 00:01:17.290000,MEDIUM,27.0,1.0
ANT,28.0,0 days 00:01:16.644000,MEDIUM,28.0,1.0
ANT,29.0,0 days 00:01:16.957000,MEDIUM,29.0,1.0
ANT,30.0,0 days 00:01:16.838000,MEDIUM,30.0,1.0
ANT,31.0,0 days 00:01:16.617000,MEDIUM,31.0,1.0
ANT,32.0,0 days 00:01:16.788000,MEDIUM,32.0,1.0
ANT,33.0,0 days 00:01:16.862000,MEDIUM,33.0,1.0
ANT,34.0,0 days 00:01:17.201000,MEDIUM,34.0,1.0
ANT,35.0,0 days 00:01:16.191000,MEDIUM,35.0,1.0
ANT,36.0,0 days 00:01:16.356000,MEDIUM,36.0,1.0
ANT,37.0,0 days 00:01:33.595000,MEDIUM,37.0,1.0
ANT,38.0,0 days 00:01:22.214000,HARD,1.0,1.0
ANT,39.0,0 days 00:01:16.806000,HARD,2.0,1.0
ANT,40.0,0 days 00:01:16.757000,HARD,3.0,1.0
ANT,41.0,0 days 00:01:16.066000,HARD,4.0,1.0
ANT,42.0,0 days 00:01:16.342000,HARD,5.0,1.0
ANT,43.0,0 days 00:01:17.071000,HARD,6.0,1.0
ANT,44.0,0 days 00:01:15.716000,HARD,7.0,1.0
ANT,45.0,0 days 00:01:17.103000,HARD,8.0,1.0
ANT,46.0,0 days 00:01:16.976000,HARD,9.0,1.0
ANT,47.0,0 days 00:01:15.572000,HARD,10.0,1.0
ANT,48.0,0 days 00:01:16.247000,HARD,11.0,1.0
ANT,49.0,0 days 00:01:16.127000,HARD,12.0,1.0
ANT,50.0,0 days 00:01:16.858000,HARD,13.0,1.0
ANT,51.0,0 days 00:01:15.937000,HARD,14.0,1.0
ANT,52.0,0 days 00:01:16.218000,HARD,15.0,1.0
ANT,53.0,0 days 00:01:16.737000,HARD,16.0,1.0
ANT,54.0,0 days 00:01:15.889000,HARD,17.0,1.0
ANT,55.0,0 days 00:01:14.990000,HARD,18.0,1.0
ANT,56.0,0 days 00:01:15.302000,HARD,19.0,1.0
ANT,57.0,0 days 00:01:15.138000,HARD,20.0,1.0
ANT,58.0,0 days 00:01:15.812000,HARD,21.0,1.0
ANT,59.0,0 days 00:01:16.057000,HARD,22.0,1.0
ANT,60.0,0 days 00:01:22.472000,HARD,23.0,1.0
ANT,61.0,0 days 00:02:16.745000,HARD,24.0,1.0
ANT,62.0,0 days 00:02:00.361000,SOFT,5.0,1.0
ANT,63.0,0 days 00:02:00.412000,SOFT,6.0,1.0
ANT,64.0,0 days 00:02:12.838000,SOFT,7.0,1.0
ANT,65.0,0 days 00:01:59.223000,SOFT,8.0,1.0
ANT,66.0,0 days 00:01:51.182000,SOFT,9.0,1.0
ANT,67.0,0 days 00:01:45.482000,SOFT,10.0,1.0
ANT,68.0,,SOFT,11.0,1.0
ANT,69.0,0 days 00:01:43.473000,SOFT,5.0,1.0
ANT,70.0,,SOFT,6.0,1.0
ANT,71.0,0 days 00:01:20.271000,SOFT,7.0,1.0
ANT,72.0,0 days 00:01:15.737000,SOFT,8.0,1.0
ANT,73.0,0 days 00:01:14.585000,SOFT,9.0,1.0
ANT,74.0,0 days 00:01:13.958000,SOFT,10.0,1.0
ANT,75.0,0 days 00:01:14.008000,SOFT,11.0,1.0
ANT,76.0,0 days 00:01:13.481000,SOFT,12.0,1.0
ANT,77.0,0 days 00:01:13.728000,SOFT,13.0,1.0
ANT,78.0,0 days 00:01:15.614000,SOFT,14.0,1.0
ALO,1.0,0 days 00:01:37.265000,MEDIUM,1.0,17.0
ALO,2.0,0 days 00:01:22.343000,MEDIUM,2.0,17.0
ALO,3.0,0 days 00:01:39.049000,MEDIUM,3.0,18.0
ALO,4.0,0 days 00:01:23.312000,SOFT,1.0,18.0
ALO,5.0,0 days 00:01:20.326000,SOFT,2.0,17.0
ALO,6.0,0 days 00:01:19.772000,SOFT,3.0,17.0
ALO,7.0,0 days 00:01:19.160000,SOFT,4.0,17.0
ALO,8.0,0 days 00:01:19.213000,SOFT,5.0,17.0
ALO,9.0,0 days 00:01:19.431000,SOFT,6.0,16.0
ALO,10.0,0 days 00:01:19.993000,SOFT,7.0,16.0
ALO,11.0,0 days 00:01:19.595000,SOFT,8.0,16.0
ALO,12.0,0 days 00:01:19.031000,SOFT,9.0,16.0
ALO,13.0,0 days 00:01:19.032000,SOFT,10.0,16.0
ALO,14.0,0 days 00:01:19.338000,SOFT,11.0,16.0
ALO,15.0,0 days 00:01:19.415000,SOFT,12.0,16.0
ALO,16.0,0 days 00:01:20.915000,SOFT,13.0,16.0
ALO,17.0,0 days 00:01:21.520000,SOFT,14.0,16.0
ALO,18.0,0 days 00:01:20.779000,SOFT,15.0,16.0
ALO,19.0,0 days 00:01:19.936000,SOFT,16.0,16.0
ALO,20.0,0 days 00:01:19.287000,SOFT,17.0,16.0
ALO,21.0,0 days 00:01:19.246000,SOFT,18.0,16.0
ALO,22.0,0 days 00:01:19.169000,SOFT,19.0,16.0
ALO,23.0,0 days 00:01:19.157000,SOFT,20.0,16.0
ALO,24.0,0 days 00:01:19.072000,SOFT,21.0,16.0
ALO,25.0,0 days 00:01:19.017000,SOFT,22.0,16.0
ALO,26.0,0 days 00:01:18.881000,SOFT,23.0,16.0
ALO,27.0,0 days 00:01:19.287000,SOFT,24.0,16.0
ALO,28.0,0 days 00:01:19.172000,SOFT,25.0,16.0
ALO,29.0,0 days 00:01:19.251000,SOFT,26.0,16.0
ALO,30.0,0 days 00:01:19.230000,SOFT,27.0,16.0
ALO,31.0,0 days 00:01:19.014000,SOFT,28.0,16.0
ALO,32.0,0 days 00:01:18.798000,SOFT,29.0,16.0
ALO,33.0,0 days 00:01:18.696000,SOFT,30.0,16.0
ALO,34.0,0 days 00:01:18.754000,SOFT,31.0,16.0
ALO,35.0,0 days 00:01:19.137000,SOFT,32.0,16.0
ALO,36.0,0 days 00:01:18.911000,SOFT,33.0,16.0
ALO,37.0,0 days 00:01:19.010000,SOFT,34.0,16.0
ALO,38.0,0 days 00:01:18.898000,SOFT,35.0,16.0
ALO,39.0,0 days 00:01:18.896000,SOFT,36.0,16.0
ALO,40.0,0 days 00:01:19.020000,SOFT,37.0,16.0
ALO,41.0,0 days 00:01:19.215000,SOFT,38.0,16.0
ALO,42.0,0 days 00:01:19.414000,SOFT,39.0,16.0
ALO,43.0,0 days 00:01:19.699000,SOFT,40.0,16.0
ALO,44.0,0 days 00:01:19.618000,SOFT,41.0,16.0
ALO,45.0,0 days 00:01:19.913000,SOFT,42.0,15.0
ALO,46.0,0 days 00:01:20.144000,SOFT,43.0,15.0
ALO,47.0,0 days 00:01:21.262000,SOFT,44.0,15.0
ALO,48.0,0 days 00:01:21.050000,SOFT,45.0,15.0
ALO,49.0,0 days 00:01:21.640000,SOFT,46.0,15.0
ALO,50.0,0 days 00:01:20.924000,SOFT,47.0,15.0
ALO,51.0,0 days 00:01:21.245000,SOFT,48.0,15.0
ALO,52.0,0 days 00:01:19.528000,SOFT,49.0,15.0
ALO,53.0,0 days 00:01:19.985000,SOFT,50.0,15.0
ALO,54.0,0 days 00:01:19.720000,SOFT,51.0,15.0
ALO,55.0,0 days 00:01:20.968000,SOFT,52.0,15.0
ALO,56.0,0 days 00:01:22.466000,SOFT,53.0,15.0
ALO,57.0,0 days 00:01:19.628000,SOFT,54.0,15.0
ALO,58.0,0 days 00:01:55.284000,SOFT,55.0,15.0
ALO,59.0,0 days 00:01:53.313000,SOFT,1.0,15.0
ALO,60.0,0 days 00:01:32.376000,SOFT,2.0,15.0
ALO,61.0,0 days 00:01:50.181000,SOFT,3.0,15.0
ALO,62.0,0 days 00:01:33.687000,SOFT,4.0,15.0
ALO,63.0,0 days 00:01:23.982000,SOFT,5.0,15.0
ALO,64.0,0 days 00:01:22.122000,SOFT,6.0,15.0
ALO,65.0,0 days 00:01:55.551000,SOFT,7.0,14.0
ALO,66.0,0 days 00:01:46.295000,SOFT,8.0,14.0
ALO,67.0,,SOFT,9.0,14.0
ALO,68.0,,SOFT,9.0,14.0
ALO,69.0,0 days 00:01:29.317000,SOFT,9.0,14.0
ALO,70.0,0 days 00:02:25.293000,SOFT,10.0,14.0
ALO,71.0,0 days 00:01:30.552000,SOFT,11.0,13.0
ALO,72.0,0 days 00:01:20.898000,SOFT,12.0,13.0
ALO,73.0,0 days 00:01:20.150000,SOFT,13.0,12.0
ALO,74.0,0 days 00:01:18.301000,SOFT,14.0,12.0
ALO,75.0,0 days 00:01:18.056000,SOFT,15.0,12.0
ALO,76.0,0 days 00:01:17.276000,SOFT,16.0,12.0
ALO,77.0,0 days 00:01:17.120000,SOFT,17.0,12.0
ALO,78.0,0 days 00:01:17.140000,SOFT,18.0,12.0
LEC,1.0,0 days 00:01:25.514000,MEDIUM,1.0,3.0
LEC,2.0,0 days 00:01:18.553000,MEDIUM,2.0,3.0
LEC,3.0,0 days 00:01:17.793000,MEDIUM,3.0,3.0
LEC,4.0,0 days 00:01:17.470000,MEDIUM,4.0,3.0
LEC,5.0,0 days 00:01:17.655000,MEDIUM,5.0,3.0
LEC,6.0,0 days 00:01:17.740000,MEDIUM,6.0,3.0
LEC,7.0,0 days 00:01:17.338000,MEDIUM,7.0,3.0
LEC,8.0,0 days 00:01:16.909000,MEDIUM,8.0,3.0
LEC,9.0,0 days 00:01:17.188000,MEDIUM,9.0,3.0
LEC,10.0,0 days 00:01:16.840000,MEDIUM,10.0,3.0
LEC,11.0,0 days 00:01:17.013000,MEDIUM,11.0,3.0
LEC,12.0,0 days 00:01:17.560000,MEDIUM,12.0,3.0
LEC,13.0,0 days 00:01:17.081000,MEDIUM,13.0,3.0
LEC,14.0,0 days 00:01:17.156000,MEDIUM,14.0,3.0
LEC,15.0,0 days 00:01:17.313000,MEDIUM,15.0,3.0
LEC,16.0,0 days 00:01:17.015000,MEDIUM,16.0,3.0
LEC,17.0,0 days 00:01:17.688000,MEDIUM,17.0,3.0
LEC,18.0,0 days 00:01:17.363000,MEDIUM,18.0,3.0
LEC,19.0,0 days 00:01:17.698000,MEDIUM,19.0,3.0
LEC,20.0,0 days 00:01:17.219000,MEDIUM,20.0,3.0
LEC,21.0,0 days 00:01:16.881000,MEDIUM,21.0,3.0
LEC,22.0,0 days 00:01:16.971000,MEDIUM,22.0,3.0
LEC,23.0,0 days 00:01:17.884000,MEDIUM,23.0,3.0
LEC,24.0,0 days 00:01:16.955000,MEDIUM,24.0,3.0
LEC,25.0,0 days 00:01:16.983000,MEDIUM,25.0,3.0
LEC,26.0,0 days 00:01:17.021000,MEDIUM,26.0,3.0
LEC,27.0,0 days 00:01:17.168000,MEDIUM,27.0,3.0
LEC,28.0,0 days 00:01:17.572000,MEDIUM,28.0,2.0
LEC,29.0,0 days 00:01:17.188000,MEDIUM,29.0,2.0
LEC,30.0,0 days 00:01:17.070000,MEDIUM,30.0,2.0
LEC,31.0,0 days 00:01:17.579000,MEDIUM,31.0,2.0
LEC,32.0,0 days 00:01:17.919000,MEDIUM,32.0,2.0
LEC,33.0,0 days 00:01:17.666000,MEDIUM,33.0,2.0
LEC,34.0,0 days 00:01:17.907000,MEDIUM,34.0,2.0
LEC,35.0,0 days 00:01:36.500000,MEDIUM,35.0,3.0
LEC,36.0,0 days 00:01:23.426000,HARD,1.0,3.0
LEC,37.0,0 days 00:01:17.652000,HARD,2.0,3.0
LEC,38.0,0 days 00:01:16.872000,HARD,3.0,3.0
LEC,39.0,0 days 00:01:16.569000,HARD,4.0,3.0
LEC,40.0,0 days 00:01:16.564000,HARD,5.0,3.0
LEC,41.0,0 days 00:01:17.872000,HARD,6.0,3.0
LEC,42.0,0 days 00:01:17.536000,HARD,7.0,3.0
LEC,43.0,0 days 00:01:16.574000,HARD,8.0,3.0
LEC,44.0,0 days 00:01:16.345000,HARD,9.0,3.0
LEC,45.0,0 days 00:01:16.538000,HARD,10.0,3.0
LEC,46.0,0 days 00:01:16.271000,HARD,11.0,3.0
LEC,47.0,0 days 00:01:16.037000,HARD,12.0,3.0
LEC,48.0,0 days 00:01:16.217000,HARD,13.0,3.0
LEC,49.0,0 days 00:01:16.195000,HARD,14.0,3.0
LEC,50.0,0 days 00:01:16.211000,HARD,15.0,3.0
LEC,51.0,0 days 00:01:16.474000,HARD,16.0,3.0
LEC,52.0,0 days 00:01:16.696000,HARD,17.0,3.0
LEC,53.0,0 days 00:01:15.964000,HARD,18.0,3.0
LEC,54.0,0 days 00:01:16.150000,HARD,19.0,3.0
LEC,55.0,0 days 00:01:16.056000,HARD,20.0,3.0
LEC,56.0,0 days 00:01:17.088000,HARD,21.0,3.0
LEC,57.0,0 days 00:01:16.393000,HARD,22.0,3.0
LEC,58.0,0 days 00:01:16.378000,HARD,23.0,3.0
LEC,59.0,0 days 00:01:16.476000,HARD,24.0,3.0
LEC,60.0,0 days 00:02:01.657000,HARD,25.0,3.0
LEC,61.0,0 days 00:01:55.305000,SOFT,5.0,3.0
LEC,62.0,0 days 00:01:34.670000,SOFT,6.0,3.0
LEC,63.0,0 days 00:01:46.850000,SOFT,7.0,3.0
LEC,64.0,0 days 00:02:04.443000,SOFT,8.0,3.0
LEC,65.0,,SOFT,9.0,
STR,1.0,0 days 00:01:39.197000,MEDIUM,1.0,18.0
STR,2.0,0 days 00:01:22.082000,MEDIUM,2.0,18.0
STR,3.0,0 days 00:01:21.900000,MEDIUM,3.0,17.0
STR,4.0,0 days 00:01:38.509000,MEDIUM,4.0,17.0
STR,5.0,0 days 00:01:24.018000,SOFT,1.0,18.0
STR,6.0,0 days 00:01:19.755000,SOFT,2.0,18.0
STR,7.0,0 days 00:01:19.602000,SOFT,3.0,18.0
STR,8.0,0 days 00:01:19.176000,SOFT,4.0,18.0
STR,9.0,0 days 00:01:19.144000,SOFT,5.0,17.0
STR,10.0,0 days 00:01:19.314000,SOFT,6.0,17.0
STR,11.0,0 days 00:01:19.543000,SOFT,7.0,17.0
STR,12.0,0 days 00:01:19.438000,SOFT,8.0,17.0
STR,13.0,0 days 00:01:19.140000,SOFT,9.0,17.0
STR,14.0,0 days 00:01:20.900000,SOFT,10.0,17.0
STR,15.0,0 days 00:01:21.621000,SOFT,11.0,17.0
STR,16.0,0 days 00:01:21.441000,SOFT,12.0,17.0
STR,17.0,0 days 00:01:19.611000,SOFT,13.0,17.0
STR,18.0,0 days 00:01:19.331000,SOFT,14.0,17.0
STR,19.0,0 days 00:01:19.246000,SOFT,15.0,17.0
STR,20.0,0 days 00:01:19.147000,SOFT,16.0,17.0
STR,21.0,0 days 00:01:19.333000,SOFT,17.0,17.0
STR,22.0,0 days 00:01:19.396000,SOFT,18.0,17.0
STR,23.0,0 days 00:01:19.471000,SOFT,19.0,17.0
STR,24.0,0 days 00:01:19.046000,SOFT,20.0,17.0
STR,25.0,0 days 00:01:18.873000,SOFT,21.0,17.0
STR,26.0,0 days 00:01:19.243000,SOFT,22.0,17.0
STR,27.0,0 days 00:01:19.210000,SOFT,23.0,17.0
STR,28.0,0 days 00:01:19.178000,SOFT,24.0,17.0
STR,29.0,0 days 00:01:18.968000,SOFT,25.0,17.0
STR,30.0,0 days 00:01:19.045000,SOFT,26.0,17.0
STR,31.0,0 days 00:01:18.966000,SOFT,27.0,17.0
STR,32.0,0 days 00:01:19.052000,SOFT,28.0,17.0
STR,33.0,0 days 00:01:19.219000,SOFT,29.0,17.0
STR,34.0,0 days 00:01:18.950000,SOFT,30.0,17.0
STR,35.0,0 days 00:01:19.099000,SOFT,31.0,17.0
STR,36.0,0 days 00:01:18.845000,SOFT,32.0,17.0
STR,37.0,0 days 00:01:19.008000,SOFT,33.0,17.0
STR,38.0,0 days 00:01:19.192000,SOFT,34.0,17.0
STR,39.0,0 days 00:01:19.236000,SOFT,35.0,17.0
STR,40.0,0 days 00:01:22.815000,SOFT,36.0,17.0
STR,41.0,0 days 00:01:19.360000,SOFT,37.0,17.0
STR,42.0,0 days 00:01:18.995000,SOFT,38.0,17.0
STR,43.0,0 days 00:01:19.304000,SOFT,39.0,17.0
STR,44.0,0 days 00:01:19.428000,SOFT,40.0,17.0
STR,45.0,0 days 00:01:19.237000,SOFT,41.0,16.0
STR,46.0,0 days 00:01:19.582000,SOFT,42.0,16.0
STR,47.0,0 days 00:01:22.150000,SOFT,43.0,16.0
STR,48.0,0 days 00:01:23.701000,SOFT,44.0,16.0
STR,49.0,0 days 00:01:19.950000,SOFT,45.0,16.0
STR,50.0,0 days 00:01:19.361000,SOFT,46.0,16.0
STR,51.0,0 days 00:01:19.816000,SOFT,47.0,16.0
STR,52.0,0 days 00:01:19.290000,SOFT,48.0,16.0
STR,53.0,0 days 00:01:21.326000,SOFT,49.0,16.0
STR,54.0,0 days 00:01:23.108000,SOFT,50.0,16.0
STR,55.0,0 days 00:01:19.560000,SOFT,51.0,16.0
STR,56.0,0 days 00:01:19.333000,SOFT,52.0,16.0
STR,57.0,,SOFT,53.0,
ALB,1.0,0 days 00:01:32.115000,MEDIUM,1.0,10.0
ALB,2.0,0 days 00:01:21.060000,MEDIUM,2.0,10.0
ALB,3.0,0 days 00:01:20.341000,MEDIUM,3.0,10.0
ALB,4.0,0 days 00:01:19.888000,MEDIUM,4.0,10.0
ALB,5.0,0 days 00:01:19.662000,MEDIUM,5.0,10.0
ALB,6.0,0 days 00:01:19.374000,MEDIUM,6.0,10.0
ALB,7.0,0 days 00:01:18.947000,MEDIUM,7.0,10.0
ALB,8.0,0 days 00:01:18.742000,MEDIUM,8.0,10.0
ALB,9.0,0 days 00:01:18.647000,MEDIUM,9.0,10.0
ALB,10.0,0 days 00:01:18.487000,MEDIUM,10.0,10.0
ALB,11.0,0 days 00:01:18.578000,MEDIUM,11.0,10.0
ALB,12.0,0 days 00:01:18.364000,MEDIUM,12.0,10.0
ALB,13.0,0 days 00:01:18.834000,MEDIUM,13.0,10.0
ALB,14.0,0 days 00:01:18.836000,MEDIUM,14.0,10.0
ALB,15.0,0 days 00:01:18.453000,MEDIUM,15.0,10.0
ALB,16.0,0 days 00:01:18.746000,MEDIUM,16.0,10.0
ALB,17.0,0 days 00:01:18.725000,MEDIUM,17.0,10.0
ALB,18.0,0 days 00:01:18.823000,MEDIUM,18.0,10.0
ALB,19.0,0 days 00:01:18.862000,MEDIUM,19.0,10.0
ALB,20.0,0 days 00:01:18.724000,MEDIUM,20.0,10.0
ALB,21.0,0 days 00:01:19.114000,MEDIUM,21.0,10.0
ALB,22.0,0 days 00:01:19.550000,MEDIUM,22.0,10.0
ALB,23.0,0 days 00:01:19.120000,MEDIUM,23.0,10.0
ALB,24.0,0 days 00:01:19.131000,MEDIUM,24.0,10.0
ALB,25.0,0 days 00:01:19.133000,MEDIUM,25.0,10.0
ALB,26.0,0 days 00:01:19.319000,MEDIUM,26.0,10.0
ALB,27.0,0 days 00:01:18.975000,MEDIUM,27.0,10.0
ALB,28.0,0 days 00:01:18.997000,MEDIUM,28.0,10.0
ALB,29.0,0 days 00:01:19.119000,MEDIUM,29.0,10.0
ALB,30.0,0 days 00:01:19.052000,MEDIUM,30.0,10.0
ALB,31.0,0 days 00:01:19.731000,MEDIUM,31.0,10.0
ALB,32.0,0 days 00:01:20.849000,MEDIUM,32.0,10.0
ALB,33.0,0 days 00:01:19.508000,MEDIUM,33.0,10.0
ALB,34.0,0 days 00:01:19.675000,MEDIUM,34.0,10.0
ALB,35.0,0 days 00:01:19.622000,MEDIUM,35.0,10.0
ALB,36.0,0 days 00:01:19.326000,MEDIUM,36.0,10.0
ALB,37.0,0 days 00:01:19.436000,MEDIUM,37.0,10.0
ALB,38.0,0 days 00:01:19.891000,MEDIUM,38.0,10.0
ALB,39.0,0 days 00:01:22.772000,MEDIUM,39.0,10.0
ALB,40.0,0 days 00:01:19.731000,MEDIUM,40.0,10.0
ALB,41.0,0 days 00:01:19.424000,MEDIUM,41.0,10.0
ALB,42.0,0 days 00:01:19.851000,MEDIUM,42.0,10.0
ALB,43.0,0 days 00:01:39,MEDIUM,43.0,10.0
ALB,44.0,0 days 00:01:22.343000,SOFT,1.0,10.0
ALB,45.0,0 days 00:01:23.382000,SOFT,2.0,10.0
ALB,46.0,0 days 00:01:22.221000,SOFT,3.0,10.0
ALB,47.0,0 days 00:01:22.903000,SOFT,4.0,11.0
ALB,48.0,0 days 00:01:19.909000,SOFT,5.0,11.0
ALB,49.0,0 days 00:01:19.573000,SOFT,6.0,11.0
ALB,50.0,0 days 00:01:20.227000,SOFT,7.0,11.0
ALB,51.0,0 days 00:01:21.678000,SOFT,8.0,11.0
ALB,52.0,0 days 00:01:19.769000,SOFT,9.0,11.0
ALB,53.0,0 days 00:01:22.571000,SOFT,10.0,11.0
ALB,54.0,0 days 00:01:18.157000,SOFT,11.0,11.0
ALB,55.0,0 days 00:01:18.900000,SOFT,12.0,11.0
ALB,56.0,0 days 00:01:17.946000,SOFT,13.0,10.0
ALB,57.0,0 days 00:01:18.191000,SOFT,14.0,10.0
ALB,58.0,0 days 00:01:37.607000,SOFT,15.0,10.0
ALB,59.0,0 days 00:01:49.710000,SOFT,16.0,10.0
ALB,60.0,0 days 00:01:51.635000,SOFT,17.0,10.0
ALB,61.0,0 days 00:01:59.566000,SOFT,18.0,10.0
ALB,62.0,0 days 00:01:31.249000,SOFT,19.0,10.0
ALB,63.0,0 days 00:01:23.345000,SOFT,20.0,10.0
ALB,64.0,0 days 00:01:20.988000,SOFT,21.0,10.0
ALB,65.0,0 days 00:01:53.813000,SOFT,22.0,9.0
ALB,66.0,0 days 00:01:47.265000,SOFT,23.0,9.0
ALB,67.0,,SOFT,24.0,9.0
ALB,68.0,0 days 00:02:25.090000,SOFT,7.0,9.0
ALB,69.0,0 days 00:01:32.833000,SOFT,7.0,9.0
ALB,70.0,,SOFT,8.0,9.0
ALB,71.0,0 days 00:01:29.804000,SOFT,9.0,9.0
ALB,72.0,0 days 00:01:21.351000,SOFT,10.0,9.0
ALB,73.0,0 days 00:01:18.158000,SOFT,11.0,8.0
ALB,74.0,0 days 00:01:16.776000,SOFT,12.0,8.0
ALB,75.0,0 days 00:01:16.476000,SOFT,13.0,8.0
ALB,76.0,0 days 00:01:16.604000,SOFT,14.0,8.0
ALB,77.0,0 days 00:01:16.406000,SOFT,15.0,8.0
ALB,78.0,0 days 00:01:16.393000,SOFT,16.0,8.0
HUL,1.0,0 days 00:01:33.750000,MEDIUM,1.0,12.0
HUL,2.0,0 days 00:01:21.223000,MEDIUM,2.0,12.0
HUL,3.0,0 days 00:01:20.535000,MEDIUM,3.0,12.0
HUL,4.0,0 days 00:01:20.016000,MEDIUM,4.0,12.0
HUL,5.0,0 days 00:01:20.179000,MEDIUM,5.0,12.0
HUL,6.0,0 days 00:01:19.709000,MEDIUM,6.0,12.0
HUL,7.0,0 days 00:01:19.182000,MEDIUM,7.0,12.0
HUL,8.0,0 days 00:01:19.781000,MEDIUM,8.0,12.0
HUL,9.0,0 days 00:01:19.373000,MEDIUM,9.0,12.0
HUL,10.0,0 days 00:01:19.750000,MEDIUM,10.0,12.0
HUL,11.0,0 days 00:01:18.714000,MEDIUM,11.0,12.0
HUL,12.0,0 days 00:01:34.679000,MEDIUM,12.0,14.0
HUL,13.0,0 days 00:01:20.349000,HARD,1.0,14.0
HUL,14.0,0 days 00:01:16.498000,HARD,2.0,14.0
HUL,15.0,0 days 00:01:16.332000,HARD,3.0,14.0
HUL,16.0,0 days 00:01:16.369000,HARD,4.0,14.0
HUL,17.0,0 days 00:01:16.733000,HARD,5.0,14.0
HUL,18.0,0 days 00:01:17.167000,HARD,6.0,14.0
HUL,19.0,0 days 00:01:16.824000,HARD,7.0,14.0
HUL,20.0,0 days 00:01:18.053000,HARD,8.0,14.0
HUL,21.0,0 days 00:01:18.043000,HARD,9.0,14.0
HUL,22.0,0 days 00:01:18.124000,HARD,10.0,14.0
HUL,23.0,0 days 00:01:18.399000,HARD,11.0,14.0
HUL,24.0,0 days 00:01:18.826000,HARD,12.0,14.0
HUL,25.0,0 days 00:01:19.190000,HARD,13.0,14.0
HUL,26.0,0 days 00:01:18.543000,HARD,14.0,14.0
HUL,27.0,0 days 00:01:19.256000,HARD,15.0,14.0
HUL,28.0,0 days 00:01:19.789000,HARD,16.0,14.0
HUL,29.0,0 days 00:01:19.870000,HARD,17.0,14.0
HUL,30.0,0 days 00:01:18.774000,HARD,18.0,14.0
HUL,31.0,0 days 00:01:21.040000,HARD,19.0,14.0
HUL,32.0,0 days 00:01:19.339000,HARD,20.0,14.0
HUL,33.0,0 days 00:01:19.006000,HARD,21.0,14.0
HUL,34.0,0 days 00:01:20.295000,HARD,22.0,14.0
HUL,35.0,0 days 00:01:21.584000,HARD,23.0,13.0
HUL,36.0,0 days 00:01:20.936000,HARD,24.0,13.0
HUL,37.0,0 days 00:01:21.164000,HARD,25.0,13.0
HUL,38.0,0 days 00:01:22.702000,HARD,26.0,13.0
HUL,39.0,0 days 00:01:21.961000,HARD,27.0,13.0
HUL,40.0,0 days 00:01:22.432000,HARD,28.0,13.0
HUL,41.0,0 days 00:01:21.902000,HARD,29.0,13.0
HUL,42.0,0 days 00:01:21.921000,HARD,30.0,13.0
HUL,43.0,0 days 00:01:21.492000,HARD,31.0,13.0
HUL,44.0,0 days 00:01:20.026000,HARD,32.0,13.0
HUL,45.0,0 days 00:01:21.175000,HARD,33.0,12.0
HUL,46.0,0 days 00:01:22.241000,HARD,34.0,12.0
HUL,47.0,0 days 00:01:22.282000,HARD,35.0,12.0
HUL,48.0,0 days 00:01:20.325000,HARD,36.0,12.0
HUL,49.0,0 days 00:01:19.608000,HARD,37.0,12.0
HUL,50.0,0 days 00:01:20.552000,HARD,38.0,12.0
HUL,51.0,0 days 00:01:21.379000,HARD,39.0,12.0
HUL,52.0,0 days 00:01:19.399000,HARD,40.0,12.0
HUL,53.0,0 days 00:01:23.001000,HARD,41.0,12.0
HUL,54.0,0 days 00:01:18.069000,HARD,42.0,12.0
HUL,55.0,0 days 00:01:18.879000,HARD,43.0,12.0
HUL,56.0,0 days 00:01:18.959000,HARD,44.0,12.0
HUL,57.0,0 days 00:01:19.124000,HARD,45.0,12.0
HUL,58.0,0 days 00:01:49.494000,HARD,46.0,12.0
HUL,59.0,0 days 00:01:54.002000,HARD,47.0,13.0
HUL,60.0,0 days 00:01:35.614000,HARD,48.0,13.0
HUL,61.0,0 days 00:01:59.046000,HARD,49.0,13.0
HUL,62.0,0 days 00:01:31.763000,HARD,50.0,13.0
HUL,63.0,0 days 00:01:24.041000,HARD,51.0,13.0
HUL,64.0,0 days 00:01:22.177000,HARD,52.0,13.0
HUL,65.0,0 days 00:01:53.340000,HARD,53.0,12.0
HUL,66.0,0 days 00:01:48.126000,HARD,54.0,12.0
HUL,67.0,,HARD,55.0,12.0
HUL,68.0,0 days 00:02:25.851000,SOFT,1.0,12.0
HUL,69.0,0 days 00:01:29.974000,SOFT,2.0,12.0
HUL,70.0,,SOFT,3.0,13.0
HUL,71.0,0 days 00:01:29.192000,SOFT,4.0,10.0
HUL,72.0,0 days 00:01:19.754000,SOFT,5.0,8.0
HUL,73.0,0 days 00:01:20.075000,SOFT,6.0,9.0
HUL,74.0,0 days 00:01:16.748000,SOFT,7.0,9.0
HUL,75.0,0 days 00:01:16.353000,SOFT,8.0,9.0
HUL,76.0,0 days 00:01:16.734000,SOFT,9.0,9.0
HUL,77.0,0 days 00:01:16.490000,SOFT,10.0,9.0
HUL,78.0,0 days 00:01:16.511000,SOFT,11.0,9.0
VER,1.0,,MEDIUM,1.0,
LAW,1.0,0 days 00:01:31.318000,MEDIUM,1.0,9.0
LAW,2.0,0 days 00:01:20.669000,MEDIUM,2.0,9.0
LAW,3.0,0 days 00:01:20.394000,MEDIUM,3.0,9.0
LAW,4.0,0 days 00:01:19.683000,MEDIUM,4.0,9.0
LAW,5.0,0 days 00:01:19.307000,MEDIUM,5.0,9.0
LAW,6.0,0 days 00:01:19.546000,MEDIUM,6.0,9.0
LAW,7.0,0 days 00:01:19.053000,MEDIUM,7.0,9.0
LAW,8.0,0 days 00:01:18.861000,MEDIUM,8.0,9.0
LAW,9.0,0 days 00:01:18.481000,MEDIUM,9.0,9.0
LAW,10.0,0 days 00:01:18.474000,MEDIUM,10.0,9.0
LAW,11.0,0 days 00:01:18.543000,MEDIUM,11.0,9.0
LAW,12.0,0 days 00:01:18.483000,MEDIUM,12.0,9.0
LAW,13.0,0 days 00:01:18.515000,MEDIUM,13.0,9.0
LAW,14.0,0 days 00:01:18.624000,MEDIUM,14.0,9.0
LAW,15.0,0 days 00:01:18.529000,MEDIUM,15.0,9.0
LAW,16.0,0 days 00:01:18.720000,MEDIUM,16.0,9.0
LAW,17.0,0 days 00:01:18.793000,MEDIUM,17.0,9.0
LAW,18.0,0 days 00:01:18.958000,MEDIUM,18.0,9.0
LAW,19.0,0 days 00:01:18.941000,MEDIUM,19.0,9.0
LAW,20.0,0 days 00:01:18.858000,MEDIUM,20.0,9.0
LAW,21.0,0 days 00:01:18.962000,MEDIUM,21.0,9.0
LAW,22.0,0 days 00:01:19.047000,MEDIUM,22.0,9.0
LAW,23.0,0 days 00:01:19.026000,MEDIUM,23.0,9.0
LAW,24.0,0 days 00:01:18.926000,MEDIUM,24.0,9.0
LAW,25.0,0 days 00:01:18.880000,MEDIUM,25.0,9.0
LAW,26.0,0 days 00:01:19.062000,MEDIUM,26.0,9.0
LAW,27.0,0 days 00:01:19.058000,MEDIUM,27.0,9.0
LAW,28.0,0 days 00:01:18.744000,MEDIUM,28.0,9.0
LAW,29.0,0 days 00:01:18.998000,MEDIUM,29.0,9.0
LAW,30.0,0 days 00:01:18.493000,MEDIUM,30.0,9.0
LAW,31.0,0 days 00:01:18.700000,MEDIUM,31.0,9.0
LAW,32.0,0 days 00:01:19.291000,MEDIUM,32.0,9.0
LAW,33.0,0 days 00:01:21.305000,MEDIUM,33.0,9.0
LAW,34.0,0 days 00:01:19.949000,MEDIUM,34.0,9.0
LAW,35.0,0 days 00:01:18.970000,MEDIUM,35.0,9.0
LAW,36.0,0 days 00:01:18.634000,MEDIUM,36.0,9.0
LAW,37.0,0 days 00:01:18.602000,MEDIUM,37.0,9.0
LAW,38.0,0 days 00:01:18.451000,MEDIUM,38.0,9.0
LAW,39.0,0 days 00:01:18.449000,MEDIUM,39.0,9.0
LAW,40.0,0 days 00:01:18.576000,MEDIUM,40.0,9.0
LAW,41.0,0 days 00:01:18.752000,MEDIUM,41.0,9.0
LAW,42.0,0 days 00:01:21.090000,MEDIUM,42.0,9.0
LAW,43.0,0 days 00:01:19.403000,MEDIUM,43.0,9.0
LAW,44.0,0 days 00:01:37.323000,MEDIUM,44.0,9.0
LAW,45.0,0 days 00:01:24.980000,SOFT,5.0,8.0
LAW,46.0,0 days 00:01:18.880000,SOFT,6.0,8.0
LAW,47.0,0 days 00:01:17.982000,SOFT,7.0,8.0
LAW,48.0,0 days 00:01:17.937000,SOFT,8.0,8.0
LAW,49.0,0 days 00:01:17.784000,SOFT,9.0,8.0
LAW,50.0,0 days 00:01:17.257000,SOFT,10.0,8.0
LAW,51.0,0 days 00:01:17.506000,SOFT,11.0,8.0
LAW,52.0,0 days 00:01:17.705000,SOFT,12.0,8.0
LAW,53.0,0 days 00:01:17.812000,SOFT,13.0,8.0
LAW,54.0,0 days 00:01:17.528000,SOFT,14.0,8.0
LAW,55.0,0 days 00:01:17.644000,SOFT,15.0,8.0
LAW,56.0,0 days 00:01:18.018000,SOFT,16.0,8.0
LAW,57.0,0 days 00:01:17.570000,SOFT,17.0,8.0
LAW,58.0,0 days 00:01:18.581000,SOFT,18.0,8.0
LAW,59.0,0 days 00:01:47.233000,SOFT,19.0,8.0
LAW,60.0,0 days 00:01:54.186000,SOFT,20.0,8.0
LAW,61.0,0 days 00:01:27.188000,SOFT,21.0,8.0
LAW,62.0,0 days 00:01:44.492000,SOFT,22.0,8.0
LAW,63.0,0 days 00:01:43.665000,SOFT,23.0,8.0
LAW,64.0,0 days 00:01:19.559000,SOFT,24.0,8.0
LAW,65.0,0 days 00:01:20.385000,SOFT,25.0,7.0
LAW,66.0,0 days 00:01:55.503000,SOFT,26.0,7.0
LAW,67.0,0 days 00:01:43.746000,SOFT,7.0,7.0
LAW,68.0,,SOFT,8.0,7.0
LAW,69.0,0 days 00:01:35.103000,SOFT,7.0,7.0
LAW,70.0,,SOFT,8.0,7.0
LAW,71.0,0 days 00:01:28.680000,SOFT,9.0,7.0
LAW,72.0,0 days 00:01:19.113000,SOFT,10.0,6.0
LAW,73.0,0 days 00:01:17.645000,SOFT,11.0,6.0
LAW,74.0,0 days 00:01:16.396000,SOFT,12.0,6.0
LAW,75.0,0 days 00:01:16.047000,SOFT,13.0,6.0
LAW,76.0,0 days 00:01:15.754000,SOFT,14.0,6.0
LAW,77.0,0 days 00:01:15.893000,SOFT,15.0,6.0
LAW,78.0,0 days 00:01:15.963000,SOFT,16.0,6.0
OCO,1.0,0 days 00:01:36.563000,MEDIUM,1.0,16.0
OCO,2.0,0 days 00:01:21.663000,MEDIUM,2.0,16.0
OCO,3.0,0 days 00:01:20.587000,MEDIUM,3.0,16.0
OCO,4.0,0 days 00:01:20.237000,MEDIUM,4.0,15.0
OCO,5.0,0 days 00:01:19.445000,MEDIUM,5.0,15.0
OCO,6.0,0 days 00:01:19.582000,MEDIUM,6.0,15.0
OCO,7.0,0 days 00:01:19.707000,MEDIUM,7.0,15.0
OCO,8.0,0 days 00:01:19.322000,MEDIUM,8.0,15.0
OCO,9.0,0 days 00:01:37.260000,MEDIUM,9.0,15.0
OCO,10.0,0 days 00:01:21.954000,HARD,1.0,15.0
OCO,11.0,0 days 00:01:17.948000,HARD,2.0,15.0
OCO,12.0,0 days 00:01:17.261000,HARD,3.0,15.0
OCO,13.0,0 days 00:01:17.754000,HARD,4.0,15.0
OCO,14.0,0 days 00:01:17.460000,HARD,5.0,15.0
OCO,15.0,0 days 00:01:17.572000,HARD,6.0,15.0
OCO,16.0,0 days 00:01:17.739000,HARD,7.0,15.0
OCO,17.0,0 days 00:01:17.733000,HARD,8.0,15.0
OCO,18.0,0 days 00:01:17.669000,HARD,9.0,15.0
OCO,19.0,0 days 00:01:17.620000,HARD,10.0,15.0
OCO,20.0,0 days 00:01:17.728000,HARD,11.0,15.0
OCO,21.0,0 days 00:01:17.968000,HARD,12.0,15.0
OCO,22.0,0 days 00:01:18.371000,HARD,13.0,15.0
OCO,23.0,0 days 00:01:17.882000,HARD,14.0,15.0
OCO,24.0,0 days 00:01:17.999000,HARD,15.0,15.0
OCO,25.0,0 days 00:01:18.054000,HARD,16.0,15.0
OCO,26.0,0 days 00:01:20.682000,HARD,17.0,15.0
OCO,27.0,0 days 00:01:18.592000,HARD,18.0,15.0
OCO,28.0,0 days 00:01:18.638000,HARD,19.0,15.0
OCO,29.0,0 days 00:01:18.676000,HARD,20.0,15.0
OCO,30.0,0 days 00:01:18.570000,HARD,21.0,15.0
OCO,31.0,0 days 00:01:18.697000,HARD,22.0,15.0
OCO,32.0,0 days 00:01:18.960000,HARD,23.0,15.0
OCO,33.0,0 days 00:01:18.887000,HARD,24.0,15.0
OCO,34.0,0 days 00:01:19.757000,HARD,25.0,15.0
OCO,35.0,0 days 00:01:21.488000,HARD,26.0,14.0
OCO,36.0,0 days 00:01:20.975000,HARD,27.0,14.0
OCO,37.0,0 days 00:01:21.171000,HARD,28.0,14.0
OCO,38.0,0 days 00:01:22.642000,HARD,29.0,14.0
OCO,39.0,0 days 00:01:21.871000,HARD,30.0,14.0
OCO,40.0,0 days 00:01:22.983000,HARD,31.0,14.0
OCO,41.0,0 days 00:01:21.348000,HARD,32.0,14.0
OCO,42.0,0 days 00:01:21.911000,HARD,33.0,14.0
OCO,43.0,0 days 00:01:21.463000,HARD,34.0,14.0
OCO,44.0,0 days 00:01:20.256000,HARD,35.0,14.0
OCO,45.0,0 days 00:01:21.039000,HARD,36.0,13.0
OCO,46.0,0 days 00:01:22.124000,HARD,37.0,13.0
OCO,47.0,0 days 00:01:22.188000,HARD,38.0,13.0
OCO,48.0,0 days 00:01:20.817000,HARD,39.0,13.0
OCO,49.0,0 days 00:01:19.421000,HARD,40.0,13.0
OCO,50.0,0 days 00:01:21.521000,HARD,41.0,13.0
OCO,51.0,0 days 00:01:20.616000,HARD,42.0,13.0
OCO,52.0,0 days 00:01:19.422000,HARD,43.0,13.0
OCO,53.0,0 days 00:01:22.740000,HARD,44.0,13.0
OCO,54.0,0 days 00:01:19.325000,HARD,45.0,13.0
OCO,55.0,0 days 00:01:19.215000,HARD,46.0,13.0
OCO,56.0,0 days 00:01:21.786000,HARD,47.0,13.0
OCO,57.0,0 days 00:01:21.703000,HARD,48.0,13.0
OCO,58.0,0 days 00:01:42.247000,HARD,49.0,13.0
OCO,59.0,0 days 00:01:51.511000,HARD,50.0,12.0
OCO,60.0,0 days 00:01:36.711000,HARD,51.0,12.0
OCO,61.0,0 days 00:01:59.324000,HARD,52.0,12.0
OCO,62.0,0 days 00:01:31.759000,HARD,53.0,12.0
OCO,63.0,0 days 00:01:24.092000,HARD,54.0,12.0
OCO,64.0,0 days 00:01:21.909000,HARD,55.0,12.0
OCO,65.0,0 days 00:01:52.434000,HARD,56.0,11.0
OCO,66.0,0 days 00:01:47.974000,HARD,57.0,11.0
OCO,67.0,,HARD,58.0,11.0
OCO,68.0,0 days 00:02:25.286000,SOFT,1.0,11.0
OCO,69.0,0 days 00:01:31.519000,SOFT,2.0,11.0
OCO,70.0,,SOFT,3.0,11.0
OCO,71.0,0 days 00:01:29.856000,SOFT,4.0,11.0
OCO,72.0,0 days 00:01:21.025000,SOFT,5.0,10.0
OCO,73.0,0 days 00:01:19.121000,SOFT,6.0,10.0
OCO,74.0,0 days 00:01:17.222000,SOFT,7.0,10.0
OCO,75.0,0 days 00:01:16.952000,SOFT,8.0,10.0
OCO,76.0,0 days 00:01:16.992000,SOFT,9.0,10.0
OCO,77.0,0 days 00:01:16.914000,SOFT,10.0,10.0
OCO,78.0,0 days 00:01:17.057000,SOFT,11.0,10.0
LIN,1.0,0 days 00:01:35.957000,MEDIUM,1.0,15.0
LIN,2.0,0 days 00:01:21.402000,MEDIUM,2.0,15.0
LIN,3.0,0 days 00:01:20.628000,MEDIUM,3.0,15.0
LIN,4.0,0 days 00:01:20.116000,MEDIUM,4.0,14.0
LIN,5.0,0 days 00:01:19.419000,MEDIUM,5.0,14.0
LIN,6.0,0 days 00:01:19.714000,MEDIUM,6.0,14.0
LIN,7.0,0 days 00:01:19.709000,MEDIUM,7.0,14.0
LIN,8.0,0 days 00:01:19.197000,MEDIUM,8.0,14.0
LIN,9.0,0 days 00:01:19.162000,MEDIUM,9.0,14.0
LIN,10.0,0 days 00:01:19.815000,MEDIUM,10.0,14.0
LIN,11.0,0 days 00:01:18.989000,MEDIUM,11.0,14.0
LIN,12.0,0 days 00:01:19.191000,MEDIUM,12.0,13.0
LIN,13.0,0 days 00:01:18.999000,MEDIUM,13.0,13.0
LIN,14.0,0 days 00:01:18.342000,MEDIUM,14.0,13.0
LIN,15.0,0 days 00:01:18.411000,MEDIUM,15.0,13.0
LIN,16.0,0 days 00:01:18.552000,MEDIUM,16.0,13.0
LIN,17.0,0 days 00:01:19.406000,MEDIUM,17.0,13.0
LIN,18.0,0 days 00:01:18.528000,MEDIUM,18.0,13.0
LIN,19.0,0 days 00:01:18.440000,MEDIUM,19.0,13.0
LIN,20.0,0 days 00:01:18.485000,MEDIUM,20.0,13.0
LIN,21.0,0 days 00:01:18.458000,MEDIUM,21.0,13.0
LIN,22.0,0 days 00:01:18.683000,MEDIUM,22.0,13.0
LIN,23.0,0 days 00:01:18.741000,MEDIUM,23.0,13.0
LIN,24.0,0 days 00:01:19.012000,MEDIUM,24.0,13.0
LIN,25.0,0 days 00:01:19.152000,MEDIUM,25.0,13.0
LIN,26.0,0 days 00:01:19.134000,MEDIUM,26.0,13.0
LIN,27.0,0 days 00:01:19.287000,MEDIUM,27.0,13.0
LIN,28.0,0 days 00:01:19.018000,MEDIUM,28.0,13.0
LIN,29.0,0 days 00:01:20.515000,MEDIUM,29.0,13.0
LIN,30.0,0 days 00:01:19.047000,MEDIUM,30.0,13.0
LIN,31.0,0 days 00:01:19.313000,MEDIUM,31.0,13.0
LIN,32.0,0 days 00:01:19.203000,MEDIUM,32.0,13.0
LIN,33.0,0 days 00:01:20.074000,MEDIUM,33.0,13.0
LIN,34.0,0 days 00:01:20.969000,MEDIUM,34.0,13.0
LIN,35.0,0 days 00:01:21.758000,MEDIUM,35.0,12.0
LIN,36.0,0 days 00:01:21.074000,MEDIUM,36.0,12.0
LIN,37.0,0 days 00:01:21.122000,MEDIUM,37.0,12.0
LIN,38.0,0 days 00:01:21.743000,MEDIUM,38.0,12.0
LIN,39.0,0 days 00:01:22.851000,MEDIUM,39.0,12.0
LIN,40.0,0 days 00:01:21.813000,MEDIUM,40.0,12.0
LIN,41.0,0 days 00:01:22.619000,MEDIUM,41.0,12.0
LIN,42.0,0 days 00:01:21.906000,MEDIUM,42.0,12.0
LIN,43.0,0 days 00:01:21.455000,MEDIUM,43.0,12.0
LIN,44.0,0 days 00:01:19.907000,MEDIUM,44.0,12.0
LIN,45.0,0 days 00:01:21.326000,MEDIUM,45.0,11.0
LIN,46.0,0 days 00:01:22.295000,MEDIUM,46.0,11.0
LIN,47.0,0 days 00:01:22.248000,MEDIUM,47.0,10.0
LIN,48.0,0 days 00:01:18.882000,MEDIUM,48.0,10.0
LIN,49.0,0 days 00:01:18.655000,MEDIUM,49.0,10.0
LIN,50.0,0 days 00:01:18.746000,MEDIUM,50.0,10.0
LIN,51.0,0 days 00:01:18.891000,MEDIUM,51.0,10.0
LIN,52.0,0 days 00:01:21.909000,MEDIUM,52.0,9.0
LIN,53.0,0 days 00:01:19.248000,MEDIUM,53.0,9.0
LIN,54.0,0 days 00:01:18.942000,MEDIUM,54.0,9.0
LIN,55.0,0 days 00:01:19,MEDIUM,55.0,9.0
LIN,56.0,0 days 00:01:19.652000,MEDIUM,56.0,9.0
LIN,57.0,0 days 00:01:20.994000,MEDIUM,57.0,9.0
LIN,58.0,0 days 00:01:36.820000,MEDIUM,58.0,9.0
LIN,59.0,0 days 00:01:51.112000,MEDIUM,59.0,9.0
LIN,60.0,0 days 00:01:52.205000,MEDIUM,60.0,9.0
LIN,61.0,0 days 00:01:59.596000,MEDIUM,61.0,9.0
LIN,62.0,0 days 00:01:28.831000,MEDIUM,62.0,9.0
LIN,63.0,0 days 00:01:25.122000,MEDIUM,63.0,9.0
LIN,64.0,0 days 00:01:22.124000,MEDIUM,64.0,9.0
LIN,65.0,0 days 00:01:52.993000,MEDIUM,65.0,8.0
LIN,66.0,0 days 00:01:47.083000,MEDIUM,66.0,8.0
LIN,67.0,,MEDIUM,67.0,8.0
LIN,68.0,0 days 00:02:25.523000,SOFT,1.0,8.0
LIN,69.0,0 days 00:01:32.743000,SOFT,1.0,8.0
LIN,70.0,,SOFT,2.0,8.0
LIN,71.0,0 days 00:01:29.062000,SOFT,3.0,8.0
LIN,72.0,0 days 00:01:19.275000,SOFT,4.0,7.0
LIN,73.0,0 days 00:01:18.393000,SOFT,5.0,7.0
LIN,74.0,0 days 00:01:16.789000,SOFT,6.0,7.0
LIN,75.0,0 days 00:01:16.245000,SOFT,7.0,7.0
LIN,76.0,0 days 00:01:15.908000,SOFT,8.0,7.0
LIN,77.0,0 days 00:01:15.920000,SOFT,9.0,7.0
LIN,78.0,0 days 00:01:15.960000,SOFT,10.0,7.0
COL,1.0,0 days 00:01:34.728000,MEDIUM,1.0,13.0
COL,2.0,0 days 00:01:21.158000,MEDIUM,2.0,13.0
COL,3.0,0 days 00:01:20.483000,MEDIUM,3.0,13.0
COL,4.0,0 days 00:01:20.159000,MEDIUM,4.0,13.0
COL,5.0,0 days 00:01:20.084000,MEDIUM,5.0,13.0
COL,6.0,0 days 00:01:19.890000,MEDIUM,6.0,13.0
COL,7.0,0 days 00:01:19.427000,MEDIUM,7.0,13.0
COL,8.0,0 days 00:01:19.631000,MEDIUM,8.0,13.0
COL,9.0,0 days 00:01:18.824000,MEDIUM,9.0,13.0
COL,10.0,0 days 00:01:20.143000,MEDIUM,10.0,13.0
COL,11.0,0 days 00:01:18.682000,MEDIUM,11.0,13.0
COL,12.0,0 days 00:01:18.891000,MEDIUM,12.0,12.0
COL,13.0,0 days 00:01:18.417000,MEDIUM,13.0,12.0
COL,14.0,0 days 00:01:18.352000,MEDIUM,14.0,12.0
COL,15.0,0 days 00:01:18.809000,MEDIUM,15.0,12.0
COL,16.0,0 days 00:01:18.493000,MEDIUM,16.0,12.0
COL,17.0,0 days 00:01:18.227000,MEDIUM,17.0,12.0
COL,18.0,0 days 00:01:18.676000,MEDIUM,18.0,12.0
COL,19.0,0 days 00:01:18.695000,MEDIUM,19.0,12.0
COL,20.0,0 days 00:01:18.760000,MEDIUM,20.0,12.0
COL,21.0,0 days 00:01:18.708000,MEDIUM,21.0,12.0
COL,22.0,0 days 00:01:18.784000,MEDIUM,22.0,12.0
COL,23.0,0 days 00:01:19.127000,MEDIUM,23.0,12.0
COL,24.0,0 days 00:01:19.087000,MEDIUM,24.0,12.0
COL,25.0,0 days 00:01:19.138000,MEDIUM,25.0,12.0
COL,26.0,0 days 00:01:19.121000,MEDIUM,26.0,12.0
COL,27.0,0 days 00:01:19.180000,MEDIUM,27.0,12.0
COL,28.0,0 days 00:01:18.754000,MEDIUM,28.0,12.0
COL,29.0,0 days 00:01:19.837000,MEDIUM,29.0,12.0
COL,30.0,0 days 00:01:20.130000,MEDIUM,30.0,12.0
COL,31.0,0 days 00:01:19.382000,MEDIUM,31.0,12.0
COL,32.0,0 days 00:01:19.522000,MEDIUM,32.0,12.0
COL,33.0,0 days 00:01:19.742000,MEDIUM,33.0,12.0
COL,34.0,0 days 00:01:21.727000,MEDIUM,34.0,12.0
COL,35.0,0 days 00:01:39.849000,MEDIUM,35.0,15.0
COL,36.0,0 days 00:01:21.423000,HARD,1.0,15.0
COL,37.0,0 days 00:01:17.418000,HARD,2.0,15.0
COL,38.0,0 days 00:01:16.852000,HARD,3.0,15.0
COL,39.0,0 days 00:01:20.057000,HARD,4.0,15.0
COL,40.0,0 days 00:01:19.090000,HARD,5.0,15.0
COL,41.0,0 days 00:01:20.543000,HARD,6.0,15.0
COL,42.0,0 days 00:01:21.845000,HARD,7.0,15.0
COL,43.0,0 days 00:01:21.644000,HARD,8.0,15.0
COL,44.0,0 days 00:01:20.054000,HARD,9.0,15.0
COL,45.0,0 days 00:01:20.894000,HARD,10.0,14.0
COL,46.0,0 days 00:01:22.231000,HARD,11.0,14.0
COL,47.0,0 days 00:01:22.125000,HARD,12.0,14.0
COL,48.0,0 days 00:01:21.306000,HARD,13.0,14.0
COL,49.0,0 days 00:01:20.530000,HARD,14.0,14.0
COL,50.0,0 days 00:01:21.165000,HARD,15.0,14.0
COL,51.0,0 days 00:01:19.635000,HARD,16.0,14.0
COL,52.0,0 days 00:01:21.035000,HARD,17.0,14.0
COL,53.0,0 days 00:01:20.660000,HARD,18.0,14.0
COL,54.0,0 days 00:01:19.678000,HARD,19.0,14.0
COL,55.0,0 days 00:01:19.258000,HARD,20.0,14.0
COL,56.0,0 days 00:01:22.493000,HARD,21.0,14.0
COL,57.0,0 days 00:01:20.523000,HARD,22.0,14.0
COL,58.0,0 days 00:01:43.252000,HARD,23.0,14.0
COL,59.0,0 days 00:01:55.405000,HARD,24.0,14.0
COL,60.0,0 days 00:01:33.555000,HARD,25.0,14.0
COL,61.0,0 days 00:01:58.025000,HARD,26.0,14.0
COL,62.0,0 days 00:01:33.040000,HARD,27.0,14.0
COL,63.0,0 days 00:01:24.708000,HARD,28.0,14.0
COL,64.0,0 days 00:01:21.664000,HARD,29.0,14.0
COL,65.0,0 days 00:01:56.957000,HARD,30.0,13.0
COL,66.0,0 days 00:01:45.556000,HARD,31.0,13.0
COL,67.0,,HARD,32.0,13.0
COL,68.0,,SOFT,1.0,13.0
COL,69.0,0 days 00:01:29.741000,SOFT,1.0,13.0
COL,70.0,0 days 00:02:27.871000,SOFT,2.0,12.0
COL,71.0,0 days 00:01:39.346000,SOFT,3.0,15.0
COL,72.0,0 days 00:01:19.699000,SOFT,4.0,15.0
COL,73.0,0 days 00:01:18.642000,SOFT,5.0,15.0
COL,74.0,0 days 00:01:16.316000,SOFT,6.0,15.0
COL,75.0,0 days 00:01:16.531000,SOFT,7.0,15.0
COL,76.0,0 days 00:01:17.519000,SOFT,8.0,15.0
COL,77.0,0 days 00:01:17.095000,SOFT,9.0,15.0
COL,78.0,0 days 00:01:16.654000,SOFT,10.0,15.0
HAM,1.0,0 days 00:01:24.337000,MEDIUM,1.0,2.0
HAM,2.0,0 days 00:01:18.745000,MEDIUM,2.0,2.0
HAM,3.0,0 days 00:01:17.678000,MEDIUM,3.0,2.0
HAM,4.0,0 days 00:01:17.078000,MEDIUM,4.0,2.0
HAM,5.0,0 days 00:01:17.058000,MEDIUM,5.0,2.0
HAM,6.0,0 days 00:01:16.700000,MEDIUM,6.0,2.0
HAM,7.0,0 days 00:01:16.587000,MEDIUM,7.0,2.0
HAM,8.0,0 days 00:01:17.005000,MEDIUM,8.0,2.0
HAM,9.0,0 days 00:01:16.641000,MEDIUM,9.0,2.0
HAM,10.0,0 days 00:01:16.841000,MEDIUM,10.0,2.0
HAM,11.0,0 days 00:01:17.136000,MEDIUM,11.0,2.0
HAM,12.0,0 days 00:01:17.234000,MEDIUM,12.0,2.0
HAM,13.0,0 days 00:01:17.028000,MEDIUM,13.0,2.0
HAM,14.0,0 days 00:01:16.990000,MEDIUM,14.0,2.0
HAM,15.0,0 days 00:01:16.912000,MEDIUM,15.0,2.0
HAM,16.0,0 days 00:01:17.014000,MEDIUM,16.0,2.0
HAM,17.0,0 days 00:01:17.239000,MEDIUM,17.0,2.0
HAM,18.0,0 days 00:01:17.029000,MEDIUM,18.0,2.0
HAM,19.0,0 days 00:01:17.271000,MEDIUM,19.0,2.0
HAM,20.0,0 days 00:01:17.119000,MEDIUM,20.0,2.0
HAM,21.0,0 days 00:01:17.076000,MEDIUM,21.0,2.0
HAM,22.0,0 days 00:01:17.249000,MEDIUM,22.0,2.0
HAM,23.0,0 days 00:01:17.380000,MEDIUM,23.0,2.0
HAM,24.0,0 days 00:01:17.783000,MEDIUM,24.0,2.0
HAM,25.0,0 days 00:01:17.734000,MEDIUM,25.0,2.0
HAM,26.0,0 days 00:01:17.988000,MEDIUM,26.0,2.0
HAM,27.0,0 days 00:01:18.225000,MEDIUM,27.0,2.0
HAM,28.0,0 days 00:01:34.170000,MEDIUM,28.0,3.0
HAM,29.0,0 days 00:01:20.829000,HARD,1.0,3.0
HAM,30.0,0 days 00:01:17.692000,HARD,2.0,3.0
HAM,31.0,0 days 00:01:16.519000,HARD,3.0,3.0
HAM,32.0,0 days 00:01:16.552000,HARD,4.0,3.0
HAM,33.0,0 days 00:01:16.660000,HARD,5.0,3.0
HAM,34.0,0 days 00:01:16.800000,HARD,6.0,3.0
HAM,35.0,0 days 00:01:16.758000,HARD,7.0,2.0
HAM,36.0,0 days 00:01:16.566000,HARD,8.0,2.0
HAM,37.0,0 days 00:01:17.434000,HARD,9.0,2.0
HAM,38.0,0 days 00:01:17.376000,HARD,10.0,2.0
HAM,39.0,0 days 00:01:18.471000,HARD,11.0,2.0
HAM,40.0,0 days 00:01:17.683000,HARD,12.0,2.0
HAM,41.0,0 days 00:01:17.389000,HARD,13.0,2.0
HAM,42.0,0 days 00:01:17.112000,HARD,14.0,2.0
HAM,43.0,0 days 00:01:17.260000,HARD,15.0,2.0
HAM,44.0,0 days 00:01:17.128000,HARD,16.0,2.0
HAM,45.0,0 days 00:01:16.793000,HARD,17.0,2.0
HAM,46.0,0 days 00:01:16.657000,HARD,18.0,2.0
HAM,47.0,0 days 00:01:16.849000,HARD,19.0,2.0
HAM,48.0,0 days 00:01:17.189000,HARD,20.0,2.0
HAM,49.0,0 days 00:01:17.188000,HARD,21.0,2.0
HAM,50.0,0 days 00:01:17.052000,HARD,22.0,2.0
HAM,51.0,0 days 00:01:16.695000,HARD,23.0,2.0
HAM,52.0,0 days 00:01:16.661000,HARD,24.0,2.0
HAM,53.0,0 days 00:01:16.677000,HARD,25.0,2.0
HAM,54.0,0 days 00:01:16.689000,HARD,26.0,2.0
HAM,55.0,0 days 00:01:16.767000,HARD,27.0,2.0
HAM,56.0,0 days 00:01:16.507000,HARD,28.0,2.0
HAM,57.0,0 days 00:01:16.656000,HARD,29.0,2.0
HAM,58.0,0 days 00:01:16.877000,HARD,30.0,2.0
HAM,59.0,0 days 00:01:16.278000,HARD,31.0,2.0
HAM,60.0,0 days 00:01:56.118000,HARD,32.0,2.0
HAM,61.0,0 days 00:02:00.346000,SOFT,5.0,2.0
HAM,62.0,0 days 00:01:32.261000,SOFT,6.0,2.0
HAM,63.0,0 days 00:01:50.782000,SOFT,7.0,2.0
HAM,64.0,0 days 00:02:05.394000,SOFT,8.0,2.0
HAM,65.0,0 days 00:01:58.178000,SOFT,9.0,2.0
HAM,66.0,0 days 00:01:53.272000,SOFT,10.0,2.0
HAM,67.0,0 days 00:01:44.297000,SOFT,11.0,2.0
HAM,68.0,,SOFT,12.0,2.0
HAM,69.0,0 days 00:01:42.193000,SOFT,5.0,2.0
HAM,70.0,,SOFT,6.0,2.0
HAM,71.0,0 days 00:01:21.009000,SOFT,7.0,2.0
HAM,72.0,0 days 00:01:15.469000,SOFT,8.0,2.0
HAM,73.0,0 days 00:01:14.969000,SOFT,9.0,2.0
HAM,74.0,0 days 00:01:14.643000,SOFT,10.0,2.0
HAM,75.0,0 days 00:01:14.726000,SOFT,11.0,2.0
HAM,76.0,0 days 00:01:15.049000,SOFT,12.0,2.0
HAM,77.0,0 days 00:01:15.330000,SOFT,13.0,2.0
HAM,78.0,0 days 00:01:15.791000,SOFT,14.0,2.0
BOR,1.0,0 days 00:01:58.809000,SOFT,1.0,20.0
BOR,2.0,0 days 00:01:24.797000,HARD,1.0,20.0
BOR,3.0,0 days 00:01:21.267000,HARD,2.0,20.0
BOR,4.0,0 days 00:01:21.687000,HARD,3.0,20.0
BOR,5.0,0 days 00:01:21.680000,HARD,4.0,20.0
BOR,6.0,0 days 00:01:21.412000,HARD,5.0,20.0
BOR,7.0,0 days 00:01:21.109000,HARD,6.0,20.0
BOR,8.0,0 days 00:01:20.555000,HARD,7.0,20.0
BOR,9.0,0 days 00:01:20.673000,HARD,8.0,20.0
BOR,10.0,0 days 00:01:23.902000,HARD,9.0,20.0
BOR,11.0,0 days 00:01:22.701000,HARD,10.0,20.0
BOR,12.0,0 days 00:01:21.444000,HARD,11.0,20.0
BOR,13.0,0 days 00:01:21.892000,HARD,12.0,20.0
BOR,14.0,0 days 00:01:20.879000,HARD,13.0,20.0
BOR,15.0,0 days 00:01:21.083000,HARD,14.0,20.0
BOR,16.0,0 days 00:01:23.944000,HARD,15.0,20.0
BOR,17.0,0 days 00:01:18.330000,HARD,16.0,19.0
BOR,18.0,0 days 00:01:18.193000,HARD,17.0,19.0
BOR,19.0,0 days 00:01:17.908000,HARD,18.0,19.0
BOR,20.0,0 days 00:01:18.329000,HARD,19.0,19.0
BOR,21.0,0 days 00:01:18.469000,HARD,20.0,19.0
BOR,22.0,0 days 00:01:18.077000,HARD,21.0,19.0
BOR,23.0,0 days 00:01:18.042000,HARD,22.0,19.0
BOR,24.0,0 days 00:01:18.071000,HARD,23.0,19.0
BOR,25.0,0 days 00:01:18.424000,HARD,24.0,19.0
BOR,26.0,0 days 00:01:17.906000,HARD,25.0,19.0
BOR,27.0,0 days 00:01:18.096000,HARD,26.0,19.0
BOR,28.0,0 days 00:01:18.897000,HARD,27.0,19.0
BOR,29.0,0 days 00:01:18.442000,HARD,28.0,19.0
BOR,30.0,0 days 00:01:18.765000,HARD,29.0,19.0
BOR,31.0,0 days 00:01:18.290000,HARD,30.0,19.0
BOR,32.0,0 days 00:01:18.092000,HARD,31.0,19.0
BOR,33.0,0 days 00:01:18.137000,HARD,32.0,19.0
BOR,34.0,0 days 00:01:18.233000,HARD,33.0,19.0
BOR,35.0,0 days 00:01:20.013000,HARD,34.0,19.0
BOR,36.0,0 days 00:01:19.671000,HARD,35.0,19.0
BOR,37.0,0 days 00:01:19.905000,HARD,36.0,19.0
BOR,38.0,0 days 00:01:21.936000,HARD,37.0,19.0
BOR,39.0,0 days 00:01:20.369000,HARD,38.0,19.0
BOR,40.0,0 days 00:01:21.026000,HARD,39.0,19.0
BOR,41.0,0 days 00:01:20.793000,HARD,40.0,19.0
BOR,42.0,0 days 00:01:22.157000,HARD,41.0,19.0
BOR,43.0,0 days 00:01:38.020000,HARD,42.0,19.0
BOR,44.0,0 days 00:01:21.760000,MEDIUM,1.0,19.0
BOR,45.0,0 days 00:01:17.416000,MEDIUM,2.0,18.0
BOR,46.0,0 days 00:01:16.803000,MEDIUM,3.0,18.0
BOR,47.0,0 days 00:01:16.860000,MEDIUM,4.0,18.0
BOR,48.0,0 days 00:01:17.182000,MEDIUM,5.0,18.0
BOR,49.0,0 days 00:01:19.353000,MEDIUM,6.0,18.0
BOR,50.0,0 days 00:01:22.900000,MEDIUM,7.0,18.0
BOR,51.0,0 days 00:01:18.396000,MEDIUM,8.0,18.0
BOR,52.0,0 days 00:01:18.553000,MEDIUM,9.0,18.0
BOR,53.0,0 days 00:01:21.318000,MEDIUM,10.0,18.0
BOR,54.0,0 days 00:01:19.580000,MEDIUM,11.0,18.0
BOR,55.0,0 days 00:01:21.885000,MEDIUM,12.0,18.0
BOR,56.0,0 days 00:01:24.868000,MEDIUM,13.0,18.0
BOR,57.0,0 days 00:01:22.509000,MEDIUM,14.0,17.0
BOR,58.0,0 days 00:01:57.271000,MEDIUM,15.0,17.0
BOR,59.0,0 days 00:01:56.861000,MEDIUM,16.0,17.0
BOR,60.0,0 days 00:01:23.815000,SOFT,1.0,17.0
BOR,61.0,0 days 00:01:23.938000,SOFT,2.0,17.0
BOR,62.0,0 days 00:01:33.942000,SOFT,3.0,17.0
BOR,63.0,0 days 00:01:21.089000,SOFT,4.0,17.0
BOR,64.0,0 days 00:01:22.880000,SOFT,5.0,17.0
BOR,65.0,0 days 00:01:55.078000,SOFT,6.0,16.0
BOR,66.0,0 days 00:01:45.268000,SOFT,7.0,16.0
BOR,67.0,,SOFT,8.0,16.0
BOR,68.0,0 days 00:02:26.260000,SOFT,1.0,16.0
BOR,69.0,0 days 00:01:27.452000,SOFT,2.0,16.0
BOR,70.0,0 days 00:02:23.700000,SOFT,3.0,16.0
BOR,71.0,0 days 00:01:34.851000,SOFT,4.0,14.0
BOR,72.0,0 days 00:01:17.484000,SOFT,5.0,14.0
BOR,73.0,0 days 00:01:19.306000,SOFT,6.0,13.0
BOR,74.0,0 days 00:01:18.224000,SOFT,7.0,13.0
BOR,75.0,0 days 00:01:17.897000,SOFT,8.0,13.0
BOR,76.0,0 days 00:01:17.588000,SOFT,9.0,13.0
BOR,77.0,0 days 00:01:17.104000,SOFT,10.0,13.0
BOR,78.0,0 days 00:01:17.312000,SOFT,11.0,13.0
SAI,1.0,0 days 00:01:33.309000,MEDIUM,1.0,11.0
SAI,2.0,0 days 00:01:21.138000,MEDIUM,2.0,11.0
SAI,3.0,0 days 00:01:20.513000,MEDIUM,3.0,11.0
SAI,4.0,0 days 00:01:20.153000,MEDIUM,4.0,11.0
SAI,5.0,0 days 00:01:19.896000,MEDIUM,5.0,11.0
SAI,6.0,0 days 00:01:19.699000,MEDIUM,6.0,11.0
SAI,7.0,0 days 00:01:19.364000,MEDIUM,7.0,11.0
SAI,8.0,0 days 00:01:19.122000,MEDIUM,8.0,11.0
SAI,9.0,0 days 00:01:19.068000,MEDIUM,9.0,11.0
SAI,10.0,0 days 00:01:18.725000,MEDIUM,10.0,11.0
SAI,11.0,0 days 00:01:18.860000,MEDIUM,11.0,11.0
SAI,12.0,0 days 00:01:18.858000,MEDIUM,12.0,11.0
SAI,13.0,0 days 00:01:18.653000,MEDIUM,13.0,11.0
SAI,14.0,0 days 00:01:19.220000,MEDIUM,14.0,11.0
SAI,15.0,0 days 00:01:18.525000,MEDIUM,15.0,11.0
SAI,16.0,0 days 00:01:18.502000,MEDIUM,16.0,11.0
SAI,17.0,0 days 00:01:18.386000,MEDIUM,17.0,11.0
SAI,18.0,0 days 00:01:18.476000,MEDIUM,18.0,11.0
SAI,19.0,0 days 00:01:18.533000,MEDIUM,19.0,11.0
SAI,20.0,0 days 00:01:18.701000,MEDIUM,20.0,11.0
SAI,21.0,0 days 00:01:18.936000,MEDIUM,21.0,11.0
SAI,22.0,0 days 00:01:19.130000,MEDIUM,22.0,11.0
SAI,23.0,0 days 00:01:19.360000,MEDIUM,23.0,11.0
SAI,24.0,0 days 00:01:19.211000,MEDIUM,24.0,11.0
SAI,25.0,0 days 00:01:19.415000,MEDIUM,25.0,11.0
SAI,26.0,0 days 00:01:18.968000,MEDIUM,26.0,11.0
SAI,27.0,0 days 00:01:19.027000,MEDIUM,27.0,11.0
SAI,28.0,0 days 00:01:18.816000,MEDIUM,28.0,11.0
SAI,29.0,0 days 00:01:19.039000,MEDIUM,29.0,11.0
SAI,30.0,0 days 00:01:20.900000,MEDIUM,30.0,11.0
SAI,31.0,0 days 00:01:18.819000,MEDIUM,31.0,11.0
SAI,32.0,0 days 00:01:19.039000,MEDIUM,32.0,11.0
SAI,33.0,0 days 00:01:21.644000,MEDIUM,33.0,11.0
SAI,34.0,0 days 00:01:21.935000,MEDIUM,34.0,11.0
SAI,35.0,0 days 00:01:21.900000,MEDIUM,35.0,11.0
SAI,36.0,0 days 00:01:21.600000,MEDIUM,36.0,11.0
SAI,37.0,0 days 00:01:21.225000,MEDIUM,37.0,11.0
SAI,38.0,0 days 00:01:21.452000,MEDIUM,38.0,11.0
SAI,39.0,0 days 00:01:23.082000,MEDIUM,39.0,11.0
SAI,40.0,0 days 00:01:21.827000,MEDIUM,40.0,11.0
SAI,41.0,0 days 00:01:22.593000,MEDIUM,41.0,11.0
SAI,42.0,0 days 00:01:21.915000,MEDIUM,42.0,11.0
SAI,43.0,0 days 00:01:21.045000,MEDIUM,43.0,11.0
SAI,44.0,0 days 00:01:19.890000,MEDIUM,44.0,11.0
SAI,45.0,0 days 00:01:19.798000,MEDIUM,45.0,9.0
SAI,46.0,0 days 00:01:18.477000,MEDIUM,46.0,9.0
SAI,47.0,0 days 00:01:18.369000,MEDIUM,47.0,9.0
SAI,48.0,0 days 00:01:18.099000,MEDIUM,48.0,9.0
SAI,49.0,0 days 00:01:18.191000,MEDIUM,49.0,9.0
SAI,50.0,0 days 00:01:18.072000,MEDIUM,50.0,9.0
SAI,51.0,0 days 00:01:18.022000,MEDIUM,51.0,9.0
SAI,52.0,0 days 00:01:36.576000,MEDIUM,52.0,10.0
SAI,53.0,0 days 00:01:21.892000,SOFT,1.0,10.0
SAI,54.0,0 days 00:01:19.446000,SOFT,2.0,10.0
SAI,55.0,0 days 00:01:19.764000,SOFT,3.0,10.0
SAI,56.0,0 days 00:01:19.968000,SOFT,4.0,11.0
SAI,57.0,0 days 00:01:18.095000,SOFT,5.0,11.0
SAI,58.0,0 days 00:01:38.112000,SOFT,6.0,11.0
SAI,59.0,0 days 00:01:49.775000,SOFT,7.0,11.0
SAI,60.0,0 days 00:01:51.096000,SOFT,8.0,11.0
SAI,61.0,0 days 00:01:59.597000,SOFT,9.0,11.0
SAI,62.0,0 days 00:01:31.587000,SOFT,10.0,11.0
SAI,63.0,0 days 00:01:24.082000,SOFT,11.0,11.0
SAI,64.0,0 days 00:01:21.093000,SOFT,12.0,11.0
SAI,65.0,0 days 00:01:52.561000,SOFT,13.0,10.0
SAI,66.0,0 days 00:01:47.396000,SOFT,14.0,10.0
SAI,67.0,,SOFT,15.0,10.0
SAI,68.0,0 days 00:02:25.003000,SOFT,5.0,10.0
SAI,69.0,0 days 00:01:32.832000,SOFT,5.0,10.0
SAI,70.0,,SOFT,6.0,10.0
SAI,71.0,,SOFT,7.0,
HAD,1.0,0 days 00:01:26.741000,MEDIUM,1.0,4.0
HAD,2.0,0 days 00:01:19.178000,MEDIUM,2.0,4.0
HAD,3.0,0 days 00:01:18.140000,MEDIUM,3.0,4.0
HAD,4.0,0 days 00:01:17.551000,MEDIUM,4.0,4.0
HAD,5.0,0 days 00:01:17.402000,MEDIUM,5.0,4.0
HAD,6.0,0 days 00:01:17.606000,MEDIUM,6.0,4.0
HAD,7.0,0 days 00:01:17.428000,MEDIUM,7.0,4.0
HAD,8.0,0 days 00:01:17.689000,MEDIUM,8.0,4.0
HAD,9.0,0 days 00:01:17.316000,MEDIUM,9.0,4.0
HAD,10.0,0 days 00:01:17.138000,MEDIUM,10.0,4.0
HAD,11.0,0 days 00:01:17.530000,MEDIUM,11.0,4.0
HAD,12.0,0 days 00:01:17.711000,MEDIUM,12.0,4.0
HAD,13.0,0 days 00:01:18.540000,MEDIUM,13.0,4.0
HAD,14.0,0 days 00:01:18.492000,MEDIUM,14.0,4.0
HAD,15.0,0 days 00:01:18.277000,MEDIUM,15.0,4.0
HAD,16.0,0 days 00:01:18.239000,MEDIUM,16.0,4.0
HAD,17.0,0 days 00:01:18.304000,MEDIUM,17.0,4.0
HAD,18.0,0 days 00:01:18.822000,MEDIUM,18.0,4.0
HAD,19.0,0 days 00:01:19.347000,MEDIUM,19.0,4.0
HAD,20.0,0 days 00:01:18.850000,MEDIUM,20.0,4.0
HAD,21.0,0 days 00:01:19.089000,MEDIUM,21.0,4.0
HAD,22.0,0 days 00:01:19.421000,MEDIUM,22.0,4.0
HAD,23.0,0 days 00:01:19.187000,MEDIUM,23.0,4.0
HAD,24.0,0 days 00:01:18.906000,MEDIUM,24.0,4.0
HAD,25.0,0 days 00:01:19.418000,MEDIUM,25.0,4.0
HAD,26.0,0 days 00:01:18.860000,MEDIUM,26.0,4.0
HAD,27.0,0 days 00:01:19.074000,MEDIUM,27.0,4.0
HAD,28.0,0 days 00:01:18.695000,MEDIUM,28.0,4.0
HAD,29.0,0 days 00:01:18.818000,MEDIUM,29.0,4.0
HAD,30.0,0 days 00:01:18.818000,MEDIUM,30.0,4.0
HAD,31.0,0 days 00:01:18.715000,MEDIUM,31.0,4.0
HAD,32.0,0 days 00:01:36.191000,MEDIUM,32.0,7.0
HAD,33.0,0 days 00:01:25.121000,HARD,1.0,8.0
HAD,34.0,0 days 00:01:18.995000,HARD,2.0,8.0
HAD,35.0,0 days 00:01:17.785000,HARD,3.0,8.0
HAD,36.0,0 days 00:01:17.706000,HARD,4.0,8.0
HAD,37.0,0 days 00:01:17.911000,HARD,5.0,8.0
HAD,38.0,0 days 00:01:17.778000,HARD,6.0,8.0
HAD,39.0,0 days 00:01:17.329000,HARD,7.0,8.0
HAD,40.0,0 days 00:01:17.384000,HARD,8.0,8.0
HAD,41.0,0 days 00:01:17.391000,HARD,9.0,8.0
HAD,42.0,0 days 00:01:18.160000,HARD,10.0,8.0
HAD,43.0,0 days 00:01:18.779000,HARD,11.0,8.0
HAD,44.0,0 days 00:01:18.777000,HARD,12.0,8.0
HAD,45.0,0 days 00:01:17.615000,HARD,13.0,6.0
HAD,46.0,0 days 00:01:17.357000,HARD,14.0,6.0
HAD,47.0,0 days 00:01:17.336000,HARD,15.0,6.0
HAD,48.0,0 days 00:01:19.354000,HARD,16.0,5.0
HAD,49.0,0 days 00:01:17.890000,HARD,17.0,5.0
HAD,50.0,0 days 00:01:17.504000,HARD,18.0,5.0
HAD,51.0,0 days 00:01:17.774000,HARD,19.0,5.0
HAD,52.0,0 days 00:01:17.916000,HARD,20.0,5.0
HAD,53.0,0 days 00:01:17.728000,HARD,21.0,5.0
HAD,54.0,0 days 00:01:18.794000,HARD,22.0,5.0
HAD,55.0,0 days 00:01:17.673000,HARD,23.0,5.0
HAD,56.0,0 days 00:01:17.351000,HARD,24.0,5.0
HAD,57.0,0 days 00:01:17.594000,HARD,25.0,5.0
HAD,58.0,0 days 00:01:17.279000,HARD,26.0,5.0
HAD,59.0,0 days 00:01:32.695000,HARD,27.0,5.0
HAD,60.0,0 days 00:01:52.670000,HARD,28.0,4.0
HAD,61.0,0 days 00:01:54.918000,HARD,29.0,4.0
HAD,62.0,0 days 00:02:00.560000,HARD,30.0,4.0
HAD,63.0,0 days 00:01:27.097000,HARD,31.0,4.0
HAD,64.0,0 days 00:01:19.974000,HARD,32.0,4.0
HAD,65.0,0 days 00:01:26.254000,HARD,33.0,3.0
HAD,66.0,0 days 00:01:53.138000,HARD,34.0,3.0
HAD,67.0,0 days 00:01:45.533000,HARD,35.0,3.0
HAD,68.0,,HARD,36.0,3.0
HAD,69.0,0 days 00:01:40.520000,SOFT,5.0,3.0
HAD,70.0,,SOFT,6.0,3.0
HAD,71.0,0 days 00:01:28.042000,SOFT,7.0,5.0
HAD,72.0,0 days 00:01:18.497000,SOFT,8.0,4.0
HAD,73.0,0 days 00:01:16.813000,SOFT,9.0,4.0
HAD,74.0,0 days 00:01:16.628000,SOFT,10.0,4.0
HAD,75.0,0 days 00:01:16.088000,SOFT,11.0,4.0
HAD,76.0,0 days 00:01:15.898000,SOFT,12.0,4.0
HAD,77.0,0 days 00:01:15.669000,SOFT,13.0,4.0
HAD,78.0,0 days 00:01:15.773000,SOFT,14.0,4.0
RUS,1.0,0 days 00:01:27.676000,MEDIUM,1.0,5.0
RUS,2.0,0 days 00:01:20.026000,MEDIUM,2.0,5.0
RUS,3.0,0 days 00:01:18.411000,MEDIUM,3.0,5.0
RUS,4.0,0 days 00:01:18.097000,MEDIUM,4.0,5.0
RUS,5.0,0 days 00:01:17.598000,MEDIUM,5.0,5.0
RUS,6.0,0 days 00:01:17.257000,MEDIUM,6.0,5.0
RUS,7.0,0 days 00:01:17.155000,MEDIUM,7.0,5.0
RUS,8.0,0 days 00:01:17.188000,MEDIUM,8.0,5.0
RUS,9.0,0 days 00:01:17.352000,MEDIUM,9.0,5.0
RUS,10.0,0 days 00:01:17.222000,MEDIUM,10.0,5.0
RUS,11.0,0 days 00:01:17.364000,MEDIUM,11.0,5.0
RUS,12.0,0 days 00:01:17.596000,MEDIUM,12.0,5.0
RUS,13.0,0 days 00:01:17.891000,MEDIUM,13.0,5.0
RUS,14.0,0 days 00:01:18.579000,MEDIUM,14.0,5.0
RUS,15.0,0 days 00:01:18.004000,MEDIUM,15.0,5.0
RUS,16.0,0 days 00:01:18.468000,MEDIUM,16.0,5.0
RUS,17.0,0 days 00:01:18.411000,MEDIUM,17.0,5.0
RUS,18.0,0 days 00:01:18.474000,MEDIUM,18.0,5.0
RUS,19.0,0 days 00:01:19.222000,MEDIUM,19.0,5.0
RUS,20.0,0 days 00:01:18.823000,MEDIUM,20.0,5.0
RUS,21.0,0 days 00:01:19.229000,MEDIUM,21.0,5.0
RUS,22.0,0 days 00:01:19.360000,MEDIUM,22.0,5.0
RUS,23.0,0 days 00:01:19.050000,MEDIUM,23.0,5.0
RUS,24.0,0 days 00:01:18.895000,MEDIUM,24.0,5.0
RUS,25.0,0 days 00:01:19.533000,MEDIUM,25.0,5.0
RUS,26.0,0 days 00:01:18.794000,MEDIUM,26.0,5.0
RUS,27.0,0 days 00:01:19.183000,MEDIUM,27.0,5.0
RUS,28.0,0 days 00:01:18.765000,MEDIUM,28.0,5.0
RUS,29.0,0 days 00:01:18.715000,MEDIUM,29.0,5.0
RUS,30.0,0 days 00:01:18.753000,MEDIUM,30.0,5.0
RUS,31.0,0 days 00:01:35.320000,MEDIUM,31.0,8.0
RUS,32.0,0 days 00:01:20.775000,HARD,1.0,8.0
RUS,33.0,0 days 00:01:17.455000,HARD,2.0,7.0
RUS,34.0,0 days 00:01:16.631000,HARD,3.0,7.0
RUS,35.0,0 days 00:01:16.448000,HARD,4.0,7.0
RUS,36.0,0 days 00:01:16.243000,HARD,5.0,7.0
RUS,37.0,0 days 00:01:17.026000,HARD,6.0,7.0
RUS,38.0,0 days 00:01:17.821000,HARD,7.0,7.0
RUS,39.0,0 days 00:01:19.089000,HARD,8.0,7.0
RUS,40.0,0 days 00:01:19.070000,HARD,9.0,7.0
RUS,41.0,0 days 00:01:20.603000,HARD,10.0,7.0
RUS,42.0,0 days 00:01:20.409000,HARD,11.0,7.0
RUS,43.0,0 days 00:01:19.417000,HARD,12.0,7.0
RUS,44.0,0 days 00:01:18.622000,HARD,13.0,7.0
RUS,45.0,0 days 00:01:17.171000,HARD,14.0,5.0
RUS,46.0,0 days 00:01:16.442000,HARD,15.0,5.0
RUS,47.0,0 days 00:01:16.477000,HARD,16.0,5.0
RUS,48.0,0 days 00:01:18.292000,HARD,17.0,4.0
RUS,49.0,0 days 00:01:16.774000,HARD,18.0,4.0
RUS,50.0,0 days 00:01:17.402000,HARD,19.0,4.0
RUS,51.0,0 days 00:01:17.308000,HARD,20.0,4.0
RUS,52.0,0 days 00:01:16.971000,HARD,21.0,4.0
RUS,53.0,0 days 00:01:16.030000,HARD,22.0,4.0
RUS,54.0,0 days 00:01:19.178000,HARD,23.0,4.0
RUS,55.0,0 days 00:01:16.488000,HARD,24.0,4.0
RUS,56.0,0 days 00:01:15.773000,HARD,25.0,4.0
RUS,57.0,0 days 00:01:15.827000,HARD,26.0,4.0
RUS,58.0,0 days 00:01:15.826000,HARD,27.0,4.0
RUS,59.0,0 days 00:01:27.497000,HARD,28.0,4.0
RUS,60.0,0 days 00:02:17.686000,HARD,29.0,5.0
RUS,61.0,0 days 00:01:51.805000,SOFT,5.0,5.0
RUS,62.0,0 days 00:02:00.418000,SOFT,6.0,5.0
RUS,63.0,0 days 00:01:31.076000,SOFT,7.0,5.0
RUS,64.0,0 days 00:01:19.879000,SOFT,8.0,5.0
RUS,65.0,0 days 00:01:21.793000,SOFT,9.0,4.0
RUS,66.0,0 days 00:01:55.061000,SOFT,10.0,4.0
RUS,67.0,0 days 00:01:46.225000,SOFT,11.0,4.0
RUS,68.0,,SOFT,12.0,4.0
RUS,69.0,0 days 00:01:38.312000,SOFT,5.0,4.0
RUS,70.0,,SOFT,6.0,4.0
RUS,71.0,0 days 00:01:24.856000,SOFT,7.0,3.0
RUS,72.0,0 days 00:01:28.255000,SOFT,8.0,11.0
RUS,73.0,0 days 00:01:21.885000,SOFT,9.0,14.0
RUS,74.0,0 days 00:01:18.158000,SOFT,10.0,14.0
RUS,75.0,0 days 00:01:17.905000,SOFT,11.0,14.0
RUS,76.0,0 days 00:01:17.596000,SOFT,12.0,14.0
RUS,77.0,0 days 00:01:17.270000,SOFT,13.0,14.0
RUS,78.0,0 days 00:01:17.257000,SOFT,14.0,14.0
BOT,1.0,0 days 00:01:58.143000,SOFT,1.0,19.0
BOT,2.0,0 days 00:01:24.133000,MEDIUM,1.0,19.0
BOT,3.0,0 days 00:01:21.753000,MEDIUM,2.0,19.0
BOT,4.0,0 days 00:01:21.609000,MEDIUM,3.0,19.0
BOT,5.0,0 days 00:01:21.912000,MEDIUM,4.0,19.0
BOT,6.0,0 days 00:01:21.293000,MEDIUM,5.0,19.0
BOT,7.0,0 days 00:01:21.137000,MEDIUM,6.0,19.0
BOT,8.0,0 days 00:01:20.494000,MEDIUM,7.0,19.0
BOT,9.0,0 days 00:01:20.913000,MEDIUM,8.0,19.0
BOT,10.0,0 days 00:01:23.165000,MEDIUM,9.0,19.0
BOT,11.0,0 days 00:01:23.080000,MEDIUM,10.0,19.0
BOT,12.0,0 days 00:01:20.704000,MEDIUM,11.0,19.0
BOT,13.0,0 days 00:01:22.875000,MEDIUM,12.0,19.0
BOT,14.0,0 days 00:01:20.872000,MEDIUM,13.0,19.0
BOT,15.0,0 days 00:01:21.034000,MEDIUM,14.0,19.0
BOT,16.0,,MEDIUM,15.0,19.0
PIA,1.0,0 days 00:01:29.360000,MEDIUM,1.0,6.0
PIA,2.0,0 days 00:01:20.454000,MEDIUM,2.0,6.0
PIA,3.0,0 days 00:01:19.776000,MEDIUM,3.0,6.0
PIA,4.0,0 days 00:01:18.886000,MEDIUM,4.0,6.0
PIA,5.0,0 days 00:01:18.072000,MEDIUM,5.0,6.0
PIA,6.0,0 days 00:01:18.238000,MEDIUM,6.0,6.0
PIA,7.0,0 days 00:01:17.573000,MEDIUM,7.0,6.0
PIA,8.0,0 days 00:01:17.187000,MEDIUM,8.0,6.0
PIA,9.0,0 days 00:01:17.194000,MEDIUM,9.0,6.0
PIA,10.0,0 days 00:01:17.180000,MEDIUM,10.0,6.0
PIA,11.0,0 days 00:01:17.889000,MEDIUM,11.0,6.0
PIA,12.0,0 days 00:01:17.939000,MEDIUM,12.0,6.0
PIA,13.0,0 days 00:01:18.468000,MEDIUM,13.0,6.0
PIA,14.0,0 days 00:01:18.181000,MEDIUM,14.0,6.0
PIA,15.0,0 days 00:01:18.965000,MEDIUM,15.0,6.0
PIA,16.0,0 days 00:01:19.568000,MEDIUM,16.0,6.0
PIA,17.0,0 days 00:01:19.139000,MEDIUM,17.0,6.0
PIA,18.0,0 days 00:01:18.513000,MEDIUM,18.0,6.0
PIA,19.0,0 days 00:01:18.220000,MEDIUM,19.0,6.0
PIA,20.0,0 days 00:01:18.082000,MEDIUM,20.0,6.0
PIA,21.0,0 days 00:01:18.198000,MEDIUM,21.0,6.0
PIA,22.0,0 days 00:01:18.230000,MEDIUM,22.0,6.0
PIA,23.0,0 days 00:01:18.388000,MEDIUM,23.0,6.0
PIA,24.0,0 days 00:01:18.088000,MEDIUM,24.0,6.0
PIA,25.0,0 days 00:01:18.290000,MEDIUM,25.0,6.0
PIA,26.0,0 days 00:01:18.662000,MEDIUM,26.0,6.0
PIA,27.0,0 days 00:01:18.637000,MEDIUM,27.0,6.0
PIA,28.0,0 days 00:01:18.707000,MEDIUM,28.0,6.0
PIA,29.0,0 days 00:01:18.479000,MEDIUM,29.0,6.0
PIA,30.0,0 days 00:01:18.607000,MEDIUM,30.0,6.0
PIA,31.0,0 days 00:01:18.660000,MEDIUM,31.0,5.0
PIA,32.0,0 days 00:01:18.177000,MEDIUM,32.0,4.0
PIA,33.0,0 days 00:01:18.112000,MEDIUM,33.0,4.0
PIA,34.0,0 days 00:01:18.410000,MEDIUM,34.0,4.0
PIA,35.0,0 days 00:01:18.560000,MEDIUM,35.0,4.0
PIA,36.0,0 days 00:01:18.324000,MEDIUM,36.0,4.0
PIA,37.0,0 days 00:01:17.918000,MEDIUM,37.0,4.0
PIA,38.0,0 days 00:01:18.287000,MEDIUM,38.0,4.0
PIA,39.0,0 days 00:01:18.171000,MEDIUM,39.0,4.0
PIA,40.0,0 days 00:01:19.349000,MEDIUM,40.0,4.0
PIA,41.0,0 days 00:01:18.557000,MEDIUM,41.0,4.0
PIA,42.0,0 days 00:01:18.686000,MEDIUM,42.0,4.0
PIA,43.0,0 days 00:01:19.093000,MEDIUM,43.0,4.0
PIA,44.0,0 days 00:01:19.279000,MEDIUM,44.0,4.0
PIA,45.0,0 days 00:01:19.664000,MEDIUM,45.0,4.0
PIA,46.0,0 days 00:01:19.345000,MEDIUM,46.0,4.0
PIA,47.0,0 days 00:01:19.575000,MEDIUM,47.0,4.0
PIA,48.0,0 days 00:01:36.741000,MEDIUM,48.0,6.0
PIA,49.0,0 days 00:01:23.646000,HARD,1.0,6.0
PIA,50.0,0 days 00:01:18.189000,HARD,2.0,6.0
PIA,51.0,0 days 00:01:17.423000,HARD,3.0,6.0
PIA,52.0,0 days 00:01:16.863000,HARD,4.0,6.0
PIA,53.0,0 days 00:01:16.696000,HARD,5.0,6.0
PIA,54.0,0 days 00:01:17.252000,HARD,6.0,6.0
PIA,55.0,0 days 00:01:16.827000,HARD,7.0,6.0
PIA,56.0,0 days 00:01:16.600000,HARD,8.0,6.0
PIA,57.0,0 days 00:01:17.104000,HARD,9.0,6.0
PIA,58.0,0 days 00:01:16.541000,HARD,10.0,6.0
PIA,59.0,0 days 00:01:57.353000,HARD,11.0,7.0
PIA,60.0,0 days 00:01:54.894000,SOFT,5.0,7.0
PIA,61.0,0 days 00:01:30.466000,SOFT,6.0,7.0
PIA,62.0,0 days 00:01:57.761000,SOFT,7.0,7.0
PIA,63.0,0 days 00:01:33.879000,SOFT,8.0,7.0
PIA,64.0,0 days 00:01:24.159000,SOFT,9.0,7.0
PIA,65.0,0 days 00:01:22.472000,SOFT,10.0,6.0
PIA,66.0,0 days 00:01:54.735000,SOFT,11.0,6.0
PIA,67.0,0 days 00:01:46.726000,SOFT,12.0,6.0
PIA,68.0,,SOFT,13.0,6.0
PIA,69.0,0 days 00:01:35.910000,SOFT,5.0,6.0
PIA,70.0,,SOFT,6.0,6.0
PIA,71.0,0 days 00:01:27.966000,SOFT,7.0,6.0
PIA,72.0,0 days 00:01:18.759000,SOFT,8.0,5.0
PIA,73.0,0 days 00:01:16.688000,SOFT,9.0,5.0
PIA,74.0,0 days 00:01:16.187000,SOFT,10.0,5.0
PIA,75.0,0 days 00:01:16.258000,SOFT,11.0,5.0
PIA,76.0,0 days 00:01:15.816000,SOFT,12.0,5.0
PIA,77.0,0 days 00:01:15.846000,SOFT,13.0,5.0
PIA,78.0,0 days 00:01:15.862000,SOFT,14.0,5.0
BEA,1.0,0 days 00:02:02.780000,MEDIUM,1.0,21.0
BEA,2.0,0 days 00:01:23.665000,HARD,1.0,21.0
BEA,3.0,0 days 00:01:19.274000,HARD,2.0,21.0
BEA,4.0,0 days 00:01:21.021000,HARD,3.0,21.0
BEA,5.0,0 days 00:01:21.826000,HARD,4.0,21.0
BEA,6.0,0 days 00:01:21.510000,HARD,5.0,21.0
BEA,7.0,0 days 00:01:21.010000,HARD,6.0,21.0
BEA,8.0,0 days 00:01:20.485000,HARD,7.0,21.0
BEA,9.0,0 days 00:01:20.809000,HARD,8.0,21.0
BEA,10.0,0 days 00:01:24.121000,HARD,9.0,21.0
BEA,11.0,0 days 00:01:22.612000,HARD,10.0,21.0
BEA,12.0,0 days 00:01:23.615000,HARD,11.0,21.0
BEA,13.0,0 days 00:01:19.542000,HARD,12.0,21.0
BEA,14.0,0 days 00:01:20.788000,HARD,13.0,21.0
BEA,15.0,0 days 00:01:22.435000,HARD,14.0,21.0
BEA,16.0,0 days 00:01:22.695000,HARD,15.0,21.0
BEA,17.0,0 days 00:01:21.656000,HARD,16.0,20.0
BEA,18.0,0 days 00:01:18.982000,HARD,17.0,20.0
BEA,19.0,0 days 00:01:18.589000,HARD,18.0,20.0
BEA,20.0,0 days 00:01:18.769000,HARD,19.0,20.0
BEA,21.0,0 days 00:01:18.540000,HARD,20.0,20.0
BEA,22.0,0 days 00:01:18.475000,HARD,21.0,20.0
BEA,23.0,0 days 00:01:18.665000,HARD,22.0,20.0
BEA,24.0,0 days 00:01:19.137000,HARD,23.0,20.0
BEA,25.0,0 days 00:01:18.683000,HARD,24.0,20.0
BEA,26.0,0 days 00:01:18.791000,HARD,25.0,20.0
BEA,27.0,0 days 00:01:18.623000,HARD,26.0,20.0
BEA,28.0,,HARD,27.0,20.0
